chikanobu2	15	#22270b	#c72a20	#cfa680	#6e6495	#f1d4cb	#88755a	#4b3e77	#cc9971	#7c231c	#c26d58	#e0c49d	#132c44	#554035	#c2d487	#7a61bc
chikanobu2	15	#1a0f10	#6d5fa7	#2f6c24	#bf0d00	#dfdbb1	#a084b1	#7a8c93	#332b16	#63603a	#9e7055	#aca7a2	#1a2a57	#2c87a8	#d98951	#4c8ff5
chikanobu2	15	#c42114	#d9a86d	#dfd3ce	#111903	#b17eb3	#414d7e	#917d71	#e7afa4	#8b2228	#b4bf94	#2b342d	#9f7e4c	#25839d	#3f6e25	#d45f43
chikanobu2	15	#0e1e12	#c21813	#f0e7e7	#d8ab78	#855e9c	#0d2142	#481628	#ba100c	#d0a8ba	#4e398a	#f2caad	#bd6d5c	#32779a	#bf4633	#1a0583
chikanobu2	15	#e8b38e	#0e071a	#8f687a	#e3dfc1	#cd230f	#e07d5f	#19191e	#3b4282	#77664a	#e88f24	#e15228	#e2c815	#77a142	#71819b	#52d76c
homer1	15	#996049	#a2a079	#36241d	#ca7946	#d4a458	#b46c3c	#7791a5	#6b302e	#b14235	#96352a	#b1875c	#7a9189	#ad7356	#e9a352	#23952b
homer1	15	#7fa3ac	#8e3530	#ad9371	#1f0f1a	#c98c4b	#c1a7a5	#f9d589	#5c3229	#111604	#98704a	#b9864f	#ab6b47	#8c7770	#826342	#57fa6b
homer1	15	#d8b567	#d0663e	#7c1e1f	#6f87b8	#a7784e	#9f7b5e	#ce8959	#964c3f	#ca8c3f	#c2b2ae	#cba060	#cc654f	#968c73	#7d6342	#2787c2
homer1	15	#7b9ba8	#330d25	#f9ce87	#ba4f45	#aa4d42	#90928e	#48312c	#a6502d	#3c1111	#a3743f	#91341e	#a0a573	#1e0018	#815138	#96619a
homer1	15	#cb7456	#a18679	#d19e61	#1b1323	#a96641	#825658	#321413	#709d9b	#b9844e	#8b513d	#c06c2e	#d8a06a	#a98767	#ebdb8a	#6b5c15
macke1	15	#e9f3d5	#a0975f	#f4c33b	#7b564c	#6f6d6c	#7c5534	#91a977	#995f30	#655432	#aa4b2f	#d8925b	#9bc574	#e5c791	#5e6b2d	#1d753c
macke1	15	#f0e142	#636a96	#d54227	#786930	#f5edb1	#b0ae46	#876c5d	#97b1d0	#dcae45	#aea78f	#685830	#e3d565	#78824b	#929e48	#917cce
macke1	15	#7f5b6f	#dfe7cc	#374060	#f1cd36	#da7f38	#8aa16e	#95743d	#c78a4c	#4b543b	#eab461	#60719d	#fef742	#cb5430	#68483d	#8da06b
macke1	15	#e1d4ca	#7d5f5e	#8ab145	#e77f2f	#ecda42	#eadd66	#564847	#dabf9b	#949882	#f3ce33	#a4c669	#8a7362	#7d4c3d	#424d45	#0608b5
macke1	15	#eff3c7	#846f7a	#78623a	#a1985b	#f3ce3d	#91b471	#845541	#d2a348	#a63c32	#85a73e	#8dc1ca	#c2a187	#a38c52	#3d445f	#9d7727
monet1	15	#697857	#abbcaa	#7f888a	#5a4a7a	#6c4f54	#8a76ab	#6e9998	#788c57	#492e65	#564e5d	#7f8d97	#787d4b	#5d604e	#69836a	#f396d9
monet1	15	#9399cb	#66804f	#5c5780	#684333	#5c6a6b	#97a59f	#6f7c60	#a1b1b4	#9fa8b7	#513838	#8a7e58	#9ba896	#5f7183	#659192	#e55016
monet1	15	#697552	#543c3a	#707a9c	#a7b0a2	#46466c	#bfb7c7	#45304b	#675241	#68796e	#757844	#455e55	#51464d	#858593	#6a5569	#9066b9
monet1	15	#a5a7a9	#43587d	#56754b	#689a7c	#6e3e31	#70644d	#8c8897	#747f6f	#a394a1	#473345	#a3a99d	#679445	#5a3c6f	#597095	#7c1a4f
monet1	15	#5c685b	#6a7c6f	#59445a	#75848a	#bdb1c4	#759986	#796f69	#9294af	#5d7857	#4f4d53	#67874d	#562e4b	#56737e	#629861	#bc9c08
photo_joaquin_rosado	15	#927e63	#a1a188	#313424	#6e7662	#fffbff	#6a3a31	#94927d	#8a6a35	#673b27	#87a2a8	#6a6455	#4f3632	#82683b	#565d2e	#8fd85a
photo_joaquin_rosado	15	#796591	#5b2227	#e7bb56	#cacea1	#303f11	#1a131d	#abb6a8	#99858f	#3b7650	#4e5569	#352442	#bd9a9f	#804f5c	#807c9d	#4aa822
photo_joaquin_rosado	15	#8a6d8a	#b88b7f	#caa14d	#50585b	#d8c7b0	#b493b1	#0b0c13	#b9ab5d	#3a6d4e	#37432a	#68301c	#987974	#b1ab9a	#948e71	#c003ef
photo_joaquin_rosado	15	#bc877d	#acaf71	#8769a9	#6c5b61	#d5cab0	#5e201c	#3d423e	#b0a6a7	#183d8b	#534f46	#7a8987	#8c9eaf	#6f6529	#593e45	#9063d0
photo_joaquin_rosado	15	#fffffe	#8a656e	#676d75	#a9a782	#1a1a20	#c4ad52	#dbc33f	#9c8989	#5a431c	#827948	#6e3a50	#a08970	#5a415a	#8f753c	#57a8c2
photo_krikit	15	#bbc9dd	#787d57	#42191c	#a7a12d	#5670b9	#a9b753	#7e89ac	#686b19	#79592b	#1c0021	#b9c481	#0a27ac	#a39624	#58618b	#ce5914
photo_krikit	15	#b1be10	#d7250e	#3063cd	#bbc4ea	#5b6339	#241a4f	#5d86ba	#847c46	#2a3584	#9cb6ac	#c3ad48	#899771	#435baf	#503d22	#e73b71
photo_krikit	15	#0d32b2	#ada828	#49290d	#901512	#dbf2f5	#8180aa	#6c7268	#c0b088	#77441d	#74876e	#2a3861	#495c50	#cb1d1c	#b7bc52	#d13c1c
photo_krikit	15	#8c0c19	#e5ecf1	#3e4fcc	#bccc0c	#443619	#5996d1	#5f5216	#a39f30	#4d3a3b	#8b9e51	#0b32a9	#878144	#8a87b8	#afaeb2	#7d7c8b
photo_krikit	15	#3c2f28	#5e79c0	#70673b	#b1a927	#a4bec8	#242c87	#cc712c	#496e33	#242124	#435180	#443728	#3d0223	#8176b3	#abcdf8	#ad6dcc
photo_powi	15	#284112	#6f99e4	#aeaa2c	#906518	#ebd9e8	#ebc012	#95aede	#272011	#c87e0c	#98755f	#503c0e	#4a71c0	#aca20f	#384d0b	#5b5512
photo_powi	15	#c8e0f0	#4375cc	#e8d50f	#91590e	#3f6500	#8c8e7b	#d6a005	#619ff0	#585847	#2e2a14	#88a44b	#c1d4e6	#69adf6	#a88b01	#e3ec01
photo_powi	15	#547eb9	#eff1e4	#8ea21c	#de8c0d	#2f300a	#9cb8eb	#adc220	#4c4b0b	#a77313	#798c55	#4877d4	#cacdc1	#4d1712	#edc918	#fb2c6f
photo_powi	15	#dd9918	#f3edf0	#4976c0	#7aa017	#834f0b	#2e4c29	#bd700e	#a18a1d	#b88015	#d8d9a5	#6b4406	#332f3b	#a2b5f0	#6c5e3b	#a50576
photo_powi	15	#a59f14	#5d98d9	#975c06	#3a360f	#eceeef	#598ef5	#865409	#aeb952	#d2d3df	#658dcb	#bf8007	#603589	#91c1d8	#2c2807	#752071
photo_radiofreebarton	15	#a79175	#302119	#fa83b4	#923340	#caeae0	#dba27b	#8b6e7d	#6e3b33	#853834	#601419	#f3c19b	#6d2d41	#180c26	#a4c1bb	#9fd81f
photo_radiofreebarton	15	#8dad71	#e14944	#d37352	#443f36	#f88eda	#802b3a	#ac7674	#ec7297	#293921	#eae9ee	#e6a57b	#9ba359	#952e51	#f1668a	#559801
photo_radiofreebarton	15	#b0765a	#872032	#fc91d1	#171c0b	#979d4b	#936d7c	#979b8b	#f6bd99	#843326	#28163e	#962b2b	#f08b6a	#f65998	#683e6e	#41add7
photo_radiofreebarton	15	#ff87b0	#a7242b	#457648	#281a08	#e6aa73	#672541	#b48c7c	#584641	#ba6774	#8e8278	#283218	#531d15	#ff618f	#ff7c9c	#d591e5
photo_radiofreebarton	15	#bc6a68	#9e9365	#a52e3c	#ddd7dc	#261c10	#8f5b3f	#b7364e	#8b7e88	#f1f1df	#504e2b	#c5774f	#645a6a	#575a58	#ff94c7	#0178b6
photo_ssdginteriors	15	#172308	#885a37	#373112	#612111	#d3a491	#f1a866	#8b8131	#583806	#491a10	#871a13	#ba884c	#f2e4c1	#854f3b	#bea272	#4b66a2
photo_ssdginteriors	15	#9f2915	#cac2ae	#ddcf57	#291a0a	#7c6c33	#6d5c3d	#30050d	#715d19	#462411	#e89d59	#b7905a	#fffee9	#3b432a	#713e20	#47669e
photo_ssdginteriors	15	#a53806	#37240a	#593d21	#7e922f	#c0aa9e	#998642	#633a17	#be9755	#4b1309	#b59b5f	#273818	#746d56	#e09c5a	#523f3c	#463b29
photo_ssdginteriors	15	#9d1b15	#161b0f	#d2c58c	#553219	#908e2d	#f7f3bf	#35260f	#72221c	#cbc958	#8e7b39	#372a1b	#881e0d	#3a312f	#6f5f18	#4b4588
photo_ssdginteriors	15	#7b743a	#d8be75	#503919	#0f1a00	#322715	#6b312a	#efe993	#7c7545	#c9ba94	#a66638	#a26433	#d6af85	#9e9f6f	#5a5a4e	#5df16d
seurat1	15	#545322	#cdcd63	#896e37	#795f5b	#bcd691	#b19260	#6b660a	#997c44	#879044	#6a3211	#dfdf9a	#c39457	#83640f	#907e23	#54f0c4
seurat1	15	#895232	#dccdac	#efe34f	#71675f	#566e1b	#2d351a	#938637	#4d443e	#685f3b	#6f4942	#8e7664	#c8ad87	#dcec93	#5b6112	#cca242
seurat1	15	#d0a93c	#82a970	#483041	#ad4e30	#47541c	#6a613f	#646265	#220f13	#a58626	#ae8d62	#f1df58	#dcdcab	#b9c587	#846253	#0a4e73
seurat1	15	#e6d853	#a8b9a6	#475d16	#976143	#7f5d65	#636758	#d2b083	#5b4c0f	#7e7e45	#dfdd75	#4d211d	#945a45	#9a8143	#7a5c2b	#059d34
seurat1	15	#5e4945	#ced388	#754d29	#a8894a	#ccc56c	#4c3e0c	#4b7058	#eaeb8c	#897f47	#8c776a	#b1ad9d	#483c38	#6a6f24	#c2bf9f	#b416fb
