photo_jinkazamah	25	#f1f1ed	#e0e260	#eccb67	#424a3e	#9e834b	#55593b	#e5f1ad	#272f1c	#746531	#7c7e64	#b4bf95	#c6c9b6	#c39636	#e1e9be	#666d1f	#8f9a6f	#bfc274	#e2d095	#b7aa6e	#b0b429	#464222	#9b2c19	#3f6a2b	#790fb6	#37751d
photo_jinkazamah	25	#e8cc8b	#adb750	#bc9137	#1e1312	#caaf82	#37632f	#645423	#252e15	#bbac69	#dedd60	#42411b	#9c8745	#7c8423	#70764f	#796333	#5d6240	#8e9651	#b4bf8e	#919973	#65701c	#e9edab	#ebedec	#e4c768	#5795b2	#a02941
photo_jinkazamah	25	#b5bc50	#40463f	#72766d	#c8cbbb	#7eae68	#eaeef2	#73251c	#2e301e	#eaefaa	#e7f2db	#9c3110	#e5d095	#c9ae86	#37642c	#ccd835	#d7e55e	#c0ab6d	#c09236	#5c5943	#929551	#191413	#4b541b	#746336	#7e1a4c	#ddc5e4
photo_jinkazamah	25	#747b50	#9a8842	#81b465	#49463e	#4a501a	#e3d18e	#655421	#e7f0a7	#c4c8b1	#899250	#e6ed8d	#63691f	#535e43	#37652c	#9fa796	#28361c	#909574	#d1d531	#7d8827	#eccb65	#72786a	#e7e8c2	#bcc079	#9f5cf2	#d45311
photo_jinkazamah	25	#cdccb8	#79673a	#f1e9f1	#9d824b	#949a6f	#434c16	#e8e4b9	#8a9a56	#396a29	#191c18	#787766	#65572a	#dfe25a	#d0ad83	#301b0e	#629c36	#dfcf8d	#baa769	#273114	#7a881e	#bcc677	#a8b82f	#c19333	#9820e8	#5b522a
photo_jinkazamah	25	#959c70	#8e9553	#f0e7ea	#7c861d	#747a51	#c3cfb7	#7a7c6b	#ecf2ad	#575d40	#ebf2df	#376633	#a8ba30	#782518	#98864a	#bbad6b	#dee563	#a4a495	#e6ec87	#bbc298	#e9c265	#2f180d	#8e9f21	#4d4e1a	#f8e628	#284683
photo_jinkazamah	25	#eef2df	#cada32	#646d20	#be8e35	#776733	#909e24	#949976	#6a5021	#ebeaad	#988a49	#84b065	#e8e5ba	#396a32	#454120	#757c6c	#29341b	#a02b19	#331805	#d6e661	#cbcbb9	#1c160f	#80811e	#bac77e	#6deefe	#9afe40
photo_jinkazamah	25	#7a2b1d	#575e42	#292f1d	#74796d	#7a6833	#c8b288	#8b9920	#9e2d19	#eeedee	#599f37	#7f8321	#ccdd30	#c39835	#9fa59a	#c7ccb2	#e3e8b9	#bac57c	#5d6c18	#7bb569	#9c8941	#474f1c	#e4edad	#2f2004	#636c41	#2b7c21
photo_jinkazamah	25	#727867	#2d3116	#757b4f	#4c4e1d	#8e991b	#962f14	#edf3ad	#3c6329	#7db369	#b8a76d	#625726	#e2cf8c	#e3ee8d	#ccd535	#bd9730	#4a4c40	#998643	#7c8327	#eef2de	#bdc374	#676e20	#9fa29b	#b5b354	#2b9319	#ab853b
photo_jinkazamah	25	#639b39	#a8b72b	#c4cfb6	#7b881d	#978544	#a0a79a	#c09831	#f1eaed	#d9df59	#282e15	#e7f5dd	#46541c	#361b09	#7c6739	#676820	#ccb187	#43421d	#151416	#919e1c	#eef0a8	#782a16	#40622d	#c9da2e	#9bc439	#0e6fe2
photo_sukanto_debnath	25	#a68558	#be763e	#b87443	#1f3213	#e11f14	#8d6c48	#b3a499	#160b0c	#b9686a	#df6a51	#9b5a1e	#d5985a	#2e1008	#aa561f	#276007	#40c916	#382408	#936b3e	#6f5f2c	#b71e14	#327710	#68253d	#78511f	#9c007d	#e58d13
photo_sukanto_debnath	25	#e01d1e	#1a420d	#fbe7c9	#0e443e	#342208	#2d160c	#41a015	#692b3a	#7e3b12	#e8b186	#681a06	#78472c	#5d3212	#975b18	#dc9b5f	#b4646a	#aa8759	#ba754a	#be7a3c	#d49765	#120e0a	#523815	#255902	#efb1b8	#9b9bc0
photo_sukanto_debnath	25	#20430a	#a8875d	#9a200f	#9d4411	#592e14	#d4946e	#e8b488	#317e0a	#104844	#bd793a	#f5eac7	#15110f	#84420e	#142515	#3d9e1a	#246009	#3b220a	#744e2b	#bb1817	#41cb1c	#9d5819	#4f4212	#65253b	#08a30d	#d7893c
photo_sukanto_debnath	25	#08493c	#215c02	#6f1d10	#655a30	#e51b14	#348010	#de513e	#612c3a	#eaae86	#ad8c56	#491b0d	#a04017	#992111	#3a9a17	#13231e	#31260e	#160e08	#45c91b	#1b410f	#ba7446	#be7939	#4e3d12	#d96e4e	#9c9a27	#bc05e1
photo_sukanto_debnath	25	#170c0e	#c47d34	#d7704d	#215d04	#bb1613	#49170c	#6a2536	#fdebc7	#bc6c48	#b56365	#a05e1e	#78551d	#994618	#32270b	#b02d7b	#554116	#0f1e1e	#6e472c	#ae5921	#e1513b	#69170f	#56340f	#a88b5b	#c8e926	#3297f0
photo_sukanto_debnath	25	#e16954	#19110c	#9e3f10	#2e7f12	#1a3f09	#6f4828	#64233b	#192c16	#aa3275	#40cd17	#9a611a	#255c05	#ce936a	#e14a3e	#ba1d13	#bb7249	#877152	#d2975b	#e62015	#b1666c	#5e2d0e	#ad5a21	#6b1e06	#91bf46	#daa070
photo_sukanto_debnath	25	#47160a	#ea1916	#6b5a31	#9f6117	#bf7f35	#1d5704	#320e07	#603510	#362508	#6f4831	#4acd18	#150f0a	#642b3d	#833b0a	#df513d	#b7a29e	#d48e65	#399715	#7a5519	#df6c53	#d4985d	#b05826	#b86d4b	#1e2e17	#d0afe9
photo_sukanto_debnath	25	#6d5a34	#223416	#16140b	#632339	#8b7349	#e44b3e	#481706	#0f4841	#1c3d0d	#337f0a	#79521f	#a58754	#e41b1e	#d49558	#a04211	#b06368	#b15b21	#921a12	#4b3813	#3d9b18	#dd6d51	#0d211e	#b8ab9d	#3a00f3	#937e5f
photo_sukanto_debnath	25	#863d11	#e5b785	#0f1e1b	#ad2b78	#4f4118	#d3945a	#6f5c2f	#be724a	#d6976a	#9d5b1e	#622835	#2d140a	#b66365	#328012	#e14e39	#681a0d	#c3763d	#1b0a0c	#b5ab96	#991911	#1e5e07	#966f36	#222d1a	#9821b5	#b7727f
photo_sukanto_debnath	25	#35100d	#de503d	#0d1c18	#af8956	#3a9d12	#b71d16	#4b3d14	#d79c5a	#141409	#6a1b08	#764a2f	#c47f3c	#6a293f	#967039	#ae2c7b	#7c3b14	#592b14	#b5a29a	#7f5719	#0e4840	#491610	#1f3e12	#f7e7c8	#012ca9	#a744f0
homer3	25	#efdf5d	#c4ded9	#eef3da	#575a44	#b47643	#6f5e3c	#6d756c	#55220f	#e7de83	#a6b0bd	#6f3f1a	#f3f0b6	#7f200e	#32301c	#b5a06e	#997939	#150d10	#4d3019	#39140f	#ae9b53	#857f5f	#968b5a	#c7b593	#742432	#411bea
homer3	25	#3d5159	#e1d0af	#18160e	#581e0c	#f3e8b6	#351b0a	#b29976	#877963	#a2b9bf	#8d633a	#544a22	#353320	#b5baac	#d0be91	#b89e66	#c4b149	#ba7144	#a62f15	#8e9153	#b5541d	#72796f	#716c41	#64838f	#689e8d	#1bcdc1
homer3	25	#76613d	#b37747	#a0a781	#80805f	#3d565c	#d1c087	#cbb944	#c5dcdb	#b0a24e	#704419	#a6b5bf	#6a868e	#b74a1e	#b39e75	#6c551d	#f0eed7	#190e0d	#bda865	#3a1d0f	#b5c3a8	#6e7e6a	#a92f15	#58220d	#6eac60	#87e09d
homer3	25	#5f5441	#381b11	#9a7e5b	#e5d6b5	#b4a36a	#746d3e	#445962	#9cb7c3	#f6edda	#73421b	#73613d	#a6290f	#987e25	#929d8f	#74561b	#887f5a	#8d6a38	#1c170c	#eae280	#c3b394	#68808d	#524524	#4b3217	#c8a6e4	#74f8f8
homer3	25	#978422	#998254	#5b2112	#b47646	#aea352	#4f371e	#918756	#a92b10	#822015	#cab443	#6e4320	#b7c1af	#af9676	#9b813a	#6a7f96	#45585c	#d6be8f	#e6d889	#72786f	#846a37	#191310	#75623d	#7e7b5f	#c0c036	#5da93d
homer3	25	#4b3416	#b27649	#e2d0af	#d5c28e	#9a8527	#524824	#b02f14	#ebe05b	#a4b4bf	#a5a183	#717e72	#f5f4de	#715c23	#7d200f	#9c8252	#95a18c	#cab992	#b29672	#b55317	#582311	#baa06b	#735a3c	#aaa150	#3e943e	#703aa0
homer3	25	#465a60	#564c20	#b67740	#b89f6c	#969b8c	#968137	#687f8c	#8d6833	#311511	#595b44	#f0f3d7	#c1af44	#74431e	#b75017	#887b5f	#a0b3bf	#e4d3b1	#786238	#cfbf8b	#e4da83	#b7bcaf	#a99a4b	#6c591e	#c00b0f	#4e7f75
homer3	25	#c2b344	#958f54	#f8e8b1	#9d8259	#71561f	#605341	#351711	#b3c0ac	#af9c51	#d4c08a	#ad2d0f	#eade88	#9c8241	#c5b997	#6b8196	#ac9d74	#733f21	#4d3014	#9d7f26	#81230f	#6e6b3d	#161011	#425958	#737c01	#a31699
homer3	25	#f8f1d8	#9f7a58	#edd986	#a5a67d	#d1be90	#838061	#9db5c1	#a99a52	#5a5643	#b77141	#3e5b5a	#6b531e	#918e57	#f5ebb6	#592410	#658395	#b05016	#e9e360	#b9a369	#564620	#9d871e	#3b130c	#7f270e	#2152ba	#2d9986
homer3	25	#ac9b7a	#9f8057	#627e93	#95895a	#efeedd	#41595e	#e4d8af	#503918	#856b33	#77593a	#72551f	#564925	#6f6e40	#b3c0ad	#5b573e	#b67348	#e9db59	#151410	#997b3d	#c1b645	#fbefb4	#ae2c11	#c6d7d4	#a2f520	#1271fc
photo_jinkazamah2	25	#e9857d	#e7a29b	#a18465	#c1996d	#f8f3e8	#dcc589	#9e6c48	#ae7a59	#2f1b14	#251217	#663722	#ebd3a9	#c0b289	#ecdfc4	#7a5539	#67503f	#f6e286	#bb8356	#432b1a	#f9e5a4	#faeac8	#72523e	#3f2e30	#ce0620	#19a1f6
photo_jinkazamah2	25	#5b412a	#f3ee9f	#f4f6e6	#6c5140	#cca173	#d7c48a	#e1af99	#f7f6ba	#201012	#ae7a5f	#fce081	#ebe0c4	#301b12	#e27763	#ecc397	#ebd2ab	#dbc4a5	#edd285	#af9a49	#e7b278	#aa907c	#664942	#f2edc9	#54b44b	#c75b99
photo_jinkazamah2	25	#ae957a	#3e3631	#a47a65	#dcc5ad	#8a6963	#d7be8c	#f3eda2	#aa8458	#625149	#402c15	#ecdaa1	#322119	#221215	#b19a45	#7d5523	#c6aa92	#dfb59a	#ece0c9	#bd9671	#cfb08a	#f4ca85	#f3f4b8	#f4f3e6	#39b107	#f7ce84
photo_jinkazamah2	25	#b1997b	#bc8d53	#d0b489	#e6b195	#d9c48a	#c3a895	#a37f5f	#e2bfa8	#f1e59f	#be9672	#edc99c	#e48381	#ecdcc3	#aa7e5b	#e96f64	#f0c886	#643a22	#bdae8c	#eed3af	#2d1c10	#e89e99	#966b4a	#1d1413	#c9cf38	#be150a
photo_jinkazamah2	25	#7e5537	#e89c98	#aa9a48	#735443	#d6b087	#886f61	#dfb597	#231310	#e6837f	#f5c397	#ab805d	#bbac8b	#ae967d	#e1c2ad	#f8f6e3	#fbf0c9	#e8d4b1	#341711	#eadeca	#f1c88e	#f7edb8	#614e46	#40281f	#370482	#5061eb
photo_jinkazamah2	25	#f5eebe	#482f2a	#a9a04b	#faeca5	#d9c28a	#faeee9	#eeb37b	#f4c593	#5f4943	#603c22	#e78678	#dfbfaa	#e4b192	#f7e586	#f4ecce	#efd5a8	#5a3b2b	#b27a5b	#331d1a	#b28752	#71553c	#986c4d	#e97062	#e8188f	#a4444d
photo_jinkazamah2	25	#9f7f69	#efa295	#614846	#c4a68b	#aa9947	#fae8d0	#edd7c4	#dfbfa3	#22150f	#5d392a	#e8857a	#ebc099	#f6f2bb	#8b675c	#efdaaa	#eccc87	#f3e983	#7b5539	#bc9b73	#86644c	#cca975	#e4ac99	#eab872	#4fea23	#f08dbb
photo_jinkazamah2	25	#fcefe3	#e1c3a7	#f5e78b	#f0eba2	#75573a	#7d5d25	#eb8480	#d2a977	#ebb77a	#472e32	#fcf0ba	#553b2d	#b68656	#b0a04b	#e9d5ad	#f3dfaa	#633a24	#e6ab95	#302115	#baac86	#f4ca94	#dbbc89	#846450	#f1e9c8	#293528
photo_jinkazamah2	25	#826a64	#301f19	#f6dea1	#402c17	#f6eece	#be9871	#81513e	#664a47	#e7ae97	#77592a	#b98452	#9d7046	#ae8259	#b19947	#fbe482	#eea593	#f5edc2	#eacfac	#d2bf87	#bbae8a	#563833	#8d664a	#e36e5e	#df467a	#65cf86
photo_jinkazamah2	25	#b38351	#f7e9cb	#f4e482	#c5aa8e	#724e3f	#bfac86	#5e3d20	#f3eebe	#f5c299	#d2a774	#e8a695	#795536	#eecdb2	#ee8c78	#5f4d41	#d7c08b	#a47f64	#e8b672	#886a51	#795624	#e6b192	#f8e6a2	#aa7d5e	#bdf180	#afa570
photo_joaquin_rosado	25	#e7ede7	#2e3f1e	#a7a7a7	#c4c2b4	#9b784c	#92847e	#be8286	#bc999b	#9e9eac	#4d5158	#916659	#696259	#916b74	#65402d	#7b7d85	#7d724d	#5f2826	#26273a	#5a4e67	#1c2516	#3d4131	#8e8949	#776872	#1e928d	#73a63b
photo_joaquin_rosado	25	#9e7544	#c28182	#79754b	#613e41	#aaa4a8	#364720	#5b6730	#7b7c83	#d6c343	#abae95	#303136	#908e70	#9aa2aa	#928486	#b897a0	#5e5066	#5c2a22	#665426	#87524f	#a59a6b	#51575a	#1b1016	#e8eaee	#bd4865	#7b226b
photo_joaquin_rosado	25	#906856	#171a0e	#28223e	#82514c	#967248	#8b8942	#bf7f7d	#2d3339	#debd42	#c6c6ad	#a7986b	#632e2a	#414035	#686654	#685324	#986a70	#e8efe9	#c4ac4e	#1f2615	#3b221f	#7e794f	#aaab93	#24347f	#fa2fb4	#7c1927
photo_joaquin_rosado	25	#996d74	#736a6b	#b0a4a5	#151a11	#b3a992	#edebe7	#ccc6b3	#9e9ca7	#be797f	#846893	#2e3e1c	#4c6850	#1a2d7e	#7b817e	#dbbb42	#9b877f	#605327	#c4ae47	#6e665e	#7e4d4f	#9e7045	#616f28	#887b94	#944a8d	#2f26dd
photo_joaquin_rosado	25	#664044	#926556	#5e2b27	#24367c	#716b6c	#434836	#9f7244	#3d2219	#161618	#9aa4aa	#61532c	#bc92a2	#9a817f	#897891	#6d6154	#b2a565	#e5eff1	#68462d	#2d3636	#855649	#303e1f	#c2a94d	#4e6856	#1882a5	#bfba9b
photo_joaquin_rosado	25	#3d4839	#9e754c	#926d72	#64582b	#cbc9b5	#887193	#82778e	#5d536b	#7e754f	#b7ac6b	#262137	#5b2b27	#1c2e12	#516f4e	#362d34	#ba7f7d	#966a5c	#747d7e	#614045	#bfaf51	#adae92	#d7be40	#74696f	#32f022	#1c84de
photo_joaquin_rosado	25	#756d6c	#cac2b1	#92827e	#3d3e32	#928573	#78754a	#24283b	#856b92	#98a3a9	#a29b67	#966f6e	#35431e	#4f694f	#262919	#3e1e22	#634731	#bba86b	#575466	#111612	#5a2d26	#98734c	#1e2f84	#7f564c	#44f194	#01e203
photo_joaquin_rosado	25	#5c6e28	#816994	#506b4d	#5b2728	#b49ba1	#232b13	#948670	#c3a74e	#6e6855	#746971	#a6976a	#121115	#313239	#b6a467	#213783	#dac041	#a7a8a2	#434632	#23203f	#9da3b1	#887f4a	#64454b	#9b7749	#2889d1	#d9e0e8
photo_joaquin_rosado	25	#243182	#363e19	#a6a9a5	#7d764f	#888542	#65454b	#e6e8f1	#997243	#3a241a	#27243e	#8e8870	#90665a	#595168	#6b6859	#443e32	#877497	#232b1a	#c9ac51	#5a2529	#b2aa8c	#b8929a	#9da6b1	#313036	#cdbd51	#7f033e
photo_joaquin_rosado	25	#c3a947	#7a817b	#957546	#9ca4af	#e8edeb	#2f411f	#233284	#624641	#5c2e26	#b8a664	#2e3139	#897092	#2b243c	#dabf40	#946870	#766b72	#908444	#663d2f	#7d4f4a	#c37f84	#555570	#97897e	#b2a88c	#f47e45	#dd97a5
chikanobu3	25	#7c6a4d	#484539	#e7e9e0	#c08a59	#cda261	#a68d6a	#58485a	#322d38	#577a58	#68895b	#c1aa86	#93482f	#ce5f69	#bcad66	#946a4f	#e0c473	#e8c996	#663f36	#d8bb9e	#719875	#87696d	#a2372a	#b54e38	#760430	#cdb840
chikanobu3	25	#e6ca77	#919670	#72745f	#2e4861	#866f6b	#b02d20	#5f5743	#c8a162	#9b644e	#eaebe2	#37303c	#baa66b	#597e87	#496058	#5b755e	#bbb07e	#1b1d23	#d28582	#a4342b	#454041	#262f23	#b74e2f	#a58962	#cfd005	#53d4c7
chikanobu3	25	#4b4541	#d57f89	#796b4c	#9d6150	#974038	#c56f51	#caa769	#b19c90	#655849	#6a8e5b	#e3e8d8	#836c6e	#e8c797	#a49168	#272e26	#e9dbb1	#c3c09e	#719c79	#98966e	#989281	#32223c	#d0442c	#171a24	#e5adb8	#22156c
chikanobu3	25	#537d5f	#444840	#e1c592	#8d4031	#bc8860	#b44c2e	#282d23	#4f7989	#84716d	#e7eadb	#e1b19f	#4d604f	#cd5b6a	#66875f	#564456	#344361	#c3aa7e	#ae2621	#bda86d	#a02f2c	#b19d91	#2f2d3c	#e2cd73	#547fec	#a54b0a
chikanobu3	25	#c0a785	#9f3331	#737e5e	#191e20	#6e8659	#8e4831	#34213c	#b24831	#e4cb74	#d0a868	#332d3f	#28312c	#857272	#675646	#96926a	#9e9387	#c8656a	#b8968f	#a48960	#4d6152	#5b7c5a	#bca667	#bc7855	#684dcc	#71f09f
chikanobu3	25	#1a1d1f	#37495a	#b39b92	#55755b	#af2923	#cc6070	#99906e	#bc8b59	#934036	#949b80	#7b704c	#52788b	#866d73	#b6a66e	#c2c0a3	#ddb19e	#cc4a2d	#709877	#a6876a	#b24e32	#342837	#4a423e	#9d332d	#584427	#0b535a
chikanobu3	25	#aa8864	#cb4229	#e4c974	#597a87	#688f5a	#af2f20	#747563	#baa86e	#ece9da	#4d6552	#5c4453	#e7d3aa	#643639	#ca5e6c	#9b8f68	#c0af83	#5b7e5e	#9f3429	#dbb49d	#1d1f1b	#b8978e	#7b6d4d	#904136	#3138bc	#f69dfe
chikanobu3	25	#7d716a	#ddca6f	#6c3636	#dab39b	#b72b22	#6f875a	#e1ca91	#709873	#93996c	#9a9787	#caa861	#2d3123	#527a85	#7d6f48	#b54d32	#d88085	#a78b65	#bbad80	#62544a	#976a4d	#5d755e	#eaeede	#c86269	#a7602b	#0d5408
chikanobu3	25	#4a6155	#a73633	#79785d	#c7c6a4	#e1b49e	#c86372	#d14831	#84726a	#6e372f	#303040	#9b6a4a	#c37454	#675845	#969684	#b69a94	#517988	#2a2824	#b94732	#b98757	#6f905c	#dc7c82	#bea56b	#8e4436	#37f28f	#35a86d
chikanobu3	25	#bbae69	#304662	#c47559	#dfc670	#e6c694	#1f1f22	#e7ebe0	#964835	#5a4457	#c7a46b	#5d7957	#727566	#9a966c	#332f39	#9a9387	#c0ab80	#97644d	#32273f	#db7e82	#6d8b5a	#516457	#816b48	#a7876a	#22ca38	#35e610
homer4	25	#b1aec0	#69595c	#eacccb	#47322f	#9a99b0	#2b242d	#f3e0de	#9b7173	#cfbfb9	#f7f7f4	#484952	#8e6559	#e4e8ef	#a8a1a2	#3a3543	#cfada3	#a15d3d	#a89395	#af8f77	#554548	#c69293	#836a6c	#acbdd9	#0a3f7c	#2ec733
homer4	25	#39383b	#f1e9dc	#4b3336	#c1bbc4	#946b5b	#aeb5bf	#968693	#838094	#88646d	#8e7b7b	#b07f7c	#d4c2bc	#b29994	#837675	#b18c7e	#dcd5d5	#f6f8f4	#6d676a	#4a4856	#6d727e	#c3d3e4	#5f585e	#b8adad	#c745b6	#e87e15
homer4	25	#504046	#3d3b39	#a16e73	#ae8a7a	#a28280	#d5aaa8	#e2e4ee	#7e6564	#976754	#b8ada9	#aa999a	#eff1f1	#715e53	#968893	#f5e4d7	#6b4d4f	#b67e78	#d2b9ba	#383c3a	#c5928f	#676469	#80797e	#706b7c	#c3c171	#1a71bc
homer4	25	#946b58	#c19a97	#64474e	#d3bebb	#4f514e	#3c3b3e	#e6cbc7	#594a45	#a17577	#a55d41	#b17b76	#998f8b	#d5a9aa	#f5e3e0	#6b5b54	#a9bcd9	#e3e5ef	#2f2a2c	#504a51	#808693	#5a5264	#c3d3e2	#806866	#9a2164	#bec309
homer4	25	#998b8c	#7e5154	#b1767a	#917d74	#826364	#ac9092	#d7aba9	#acc3d8	#684b4b	#e4e6ee	#e3d0c1	#837579	#ac8286	#574e53	#3d3f37	#877d93	#acaec5	#c5c1c0	#8f6451	#a59ca9	#c89197	#b4917e	#c1cfe5	#92e121	#d1f38e
homer4	25	#f2e0dd	#e0dfef	#524c4b	#b8a7a9	#b28d7e	#c6d2e5	#d2b1a4	#856a6b	#c0bcbe	#473630	#a59da4	#b07973	#5a4846	#eff2f2	#64656a	#929dad	#d6d6d0	#acafbf	#a27175	#a48580	#8e6659	#a35740	#868492	#3bf720	#0586ec
homer4	25	#6d6a80	#292632	#a8979c	#9a7072	#837076	#3f4038	#413535	#7f808f	#715859	#b77c76	#d9d0d7	#574345	#47434f	#80616b	#957d77	#e3d0ca	#7c534f	#b78b78	#f3e8dd	#bdacac	#eff1ed	#5d5568	#a95846	#80fd45	#b19ea1
homer4	25	#90635b	#b29395	#867f90	#f9f0f1	#c49190	#6a676b	#b29374	#a45944	#4e4852	#524442	#a19ca8	#e2e8ee	#866266	#625568	#bcaeae	#b0b7c5	#634f54	#81737b	#453033	#9d6c71	#abbee0	#d6c2ba	#937874	#cdf232	#8c4ca0
homer4	25	#acc4d9	#7f6866	#919fac	#695e58	#7d564e	#f3e7df	#a25d3e	#966658	#d8d1d7	#6f697c	#b7abab	#4c404e	#6a676b	#827e91	#c6b8c5	#564f53	#e6cdc7	#634e50	#514446	#797878	#af8e7e	#39393d	#d3a9a8	#6fb910	#c7311d
homer4	25	#a05b46	#a4817e	#d5babe	#47454c	#b87b78	#7d7476	#836863	#817e99	#574d4b	#574441	#acaec0	#726d7f	#c1d4e1	#f4f4f2	#b2bfd7	#3b3a3d	#e6d5c2	#804f4c	#bfc1c5	#bca4aa	#dbd4d5	#6a4b4c	#968c8d	#e0b09c	#ef0e46
photo_katsrcool	25	#70501f	#764733	#90a0c0	#efd08e	#aa8943	#e5a244	#765830	#755056	#7b3c1b	#302f13	#b76b26	#5a9995	#eb9754	#aabdd7	#6890c8	#3e2819	#ca9d47	#a06a24	#9b6138	#be7f49	#eeb869	#827528	#be8734	#0b2c18	#706b66
photo_katsrcool	25	#9b6827	#975127	#af927b	#341612	#eba66b	#c78132	#4f4210	#55351b	#f3e7ed	#d2984c	#675c18	#91b0d8	#744120	#230d09	#497ebc	#a8882b	#6e522c	#887825	#ec9b54	#b08747	#e28a2c	#56979a	#744433	#63d147	#aa6abd
photo_katsrcool	25	#3b241a	#e89b53	#84652d	#b6692d	#95581e	#4679b5	#353013	#d5d6d9	#4f3d10	#84791f	#986c25	#c89c50	#6591c8	#645318	#20150b	#f0d090	#efc166	#de8a2e	#a7c0dd	#969bc2	#f0ac68	#543a19	#9a683a	#4aef3e	#2c5776
photo_katsrcool	25	#3b2316	#c06f26	#aebddf	#cfcedd	#817224	#969cc3	#77472b	#553319	#51261b	#6b98c7	#cca246	#71522d	#477ab5	#675d18	#8dacd5	#e89d53	#714f1c	#6e5250	#856627	#c47f2d	#9b613c	#1f140b	#424b22	#bee451	#ddf626
photo_katsrcool	25	#eb9f51	#7d4119	#9f6837	#df8932	#665a1a	#414f1a	#704129	#c37f4b	#6796c5	#569791	#705255	#ecb96b	#af8925	#4180bb	#ebad67	#4c3d18	#230f09	#cd9d47	#9d6e2b	#82642a	#77532f	#e5a444	#573818	#7dc533	#95878e
photo_katsrcool	25	#6c95c8	#487ab5	#a7c1dc	#8a6a25	#b0882e	#9a5122	#e39953	#764b2d	#c87f49	#ed9e41	#714d50	#887221	#b2864a	#4d4415	#9e6629	#539996	#6a5617	#333110	#445523	#1a120f	#de8c36	#512b12	#9299c2	#7488b0	#d3ede0
photo_katsrcool	25	#b89a7c	#9b6928	#4a7bbd	#725531	#5c9b9b	#2e270b	#cf994d	#a0653c	#724f21	#f2f0e9	#6691c9	#583918	#86731f	#86672d	#3f5020	#d6cce0	#f8cd8c	#e08c36	#e8a43e	#9a4f23	#6e4d57	#200e0c	#7c3d1e	#042aa2	#158792
photo_katsrcool	25	#31170f	#b08b4b	#d2d3db	#6594c6	#92a0be	#4f3319	#bc6623	#6b5658	#ec9653	#784116	#c28336	#f3c68e	#592a12	#f0ab6b	#8a7922	#a06338	#190f0b	#c57d4c	#382417	#c89f4b	#adc3db	#4b3d18	#ecede9	#903c3c	#3ea514
photo_katsrcool	25	#df8b35	#9a5424	#eca86b	#f2c690	#4781ba	#785a34	#b1824a	#8e9bc4	#3c2912	#e39d43	#79421e	#82672a	#a4c4e0	#45531e	#e69951	#976541	#9b6f22	#675914	#8faed2	#6f5751	#4d4516	#ebb963	#877324	#2821fb	#80dc5b
photo_katsrcool	25	#1f0f0d	#b09a7c	#524115	#887121	#c78036	#5b9b91	#6c97c5	#735a2e	#e48831	#3a2218	#794b17	#8e9ebd	#6d5452	#efb761	#b48243	#efac6c	#c77e45	#9b613a	#acc5de	#7b3b19	#eeeae5	#c9994a	#91b3d8	#49877a	#044570
macke1	25	#3e476a	#ccab3e	#667294	#898b89	#e68336	#5f4037	#84493c	#857058	#dde2cb	#6e5d31	#775e66	#efd642	#f8ba2b	#6b4e35	#8ca273	#b1c33f	#deca96	#59563a	#4a4844	#727961	#7a8948	#f2e8b5	#8a7133	#2b4ffb	#29819c
macke1	25	#bba496	#494949	#a9a88e	#6e6a68	#97737f	#e8c369	#f2d53e	#5b4437	#dde0d2	#8fa949	#9d8863	#b0cb78	#8aa26e	#7e556a	#ce974d	#6b662d	#a4473c	#caab44	#916231	#6e5030	#887534	#854a3f	#e98935	#e590f9	#a2c049
macke1	25	#896b5e	#7c5f66	#874842	#58563e	#4d434c	#ebe970	#8a7230	#b6c03b	#888d84	#8ca96b	#5b423a	#c0a096	#d19551	#cdb244	#757e60	#966134	#b7a058	#a54a3d	#92a141	#3f4764	#e28636	#67612f	#a7c976	#f15643	#a2823a
macke1	25	#824942	#e98838	#758744	#bda695	#4c4546	#efea70	#cb513c	#f6bc30	#f7f141	#ede8b1	#737e5b	#7e5e6c	#a24734	#9cb3c9	#e4c56a	#b0bc41	#dcc596	#946936	#5a5041	#c89453	#f3a936	#5c4536	#6b7395	#34d7c9	#82866a
macke1	25	#c7ae3f	#6c5e2d	#adcc7d	#7a7758	#473e65	#917484	#f1d63d	#efee71	#f9a92f	#7c5968	#5c5943	#6f6e6c	#abaf92	#a19066	#95b7c8	#d1493a	#e88b39	#f3efad	#bda296	#93a748	#83a16f	#8a8b7f	#92722f	#a40f0b	#493319
macke1	25	#494847	#7c8a46	#cca946	#5c463c	#856c58	#e8ca69	#937c84	#f3bb2f	#787960	#f9a235	#916935	#8f8b87	#dfc196	#b0bf3d	#824d3d	#6f5634	#8ca14a	#dde3ca	#f0d43d	#697695	#9f8c60	#af9d5a	#899f72	#0b4eda	#007b2c
macke1	25	#3d3f65	#c89850	#e6c271	#8a722d	#765969	#dbcb9e	#b0a25d	#abcd73	#8d8b84	#75813e	#d34a38	#767e5e	#dee8ce	#494548	#834941	#ecea79	#eed23f	#8da543	#87a56a	#90632f	#a29161	#917885	#5c4138	#83d7c9	#0507b3
macke1	25	#cda946	#927830	#656865	#b6c341	#94b6c7	#f1d541	#e7cb6e	#90a048	#e28332	#90642f	#dac795	#dfe8ce	#9e8964	#474563	#c94e3c	#fbba2e	#4f4948	#657898	#5a453e	#eff2b4	#b3a15b	#864d42	#724f2f	#4b231a	#194d59
macke1	25	#f0cd3e	#b7a55d	#89a16c	#c19f9a	#7b8943	#755d64	#b4bc3b	#647b92	#76815c	#917a30	#6c4c2d	#927c87	#c99551	#dde5ca	#6c6e69	#dac194	#acc373	#cbaf3e	#e6c472	#f8ec3d	#814b46	#8c6d5a	#565344	#29dea2	#da21b5
macke1	25	#6f6c6c	#94a145	#9b7784	#7e5a66	#c9b042	#f2eab1	#c7944b	#f1a52e	#6c7599	#9ab9c5	#6c6634	#5d403e	#f4ba2e	#d8c899	#f2d53e	#e3e0d0	#ce4e35	#a08f62	#81453f	#efe942	#836f5e	#efe76f	#eeca6a	#ac6acf	#006693
seurat1	25	#9b812c	#dcdab4	#57421b	#695e17	#596357	#e9e9a6	#786467	#473642	#8f976b	#516718	#917b45	#655539	#603e17	#c0ce7b	#a68168	#868888	#251e11	#ccae42	#b3b855	#9fa65f	#875e21	#b2b4a1	#482d1b	#6d36e7	#1b7562
seurat1	25	#241a19	#636c3b	#8e9472	#e4e87f	#8d8d7e	#efe9aa	#b8862f	#cda97a	#8b7c4a	#586a1a	#948529	#41473c	#67661d	#7e872b	#8f8166	#efe058	#dddcb9	#50461a	#2e361d	#89623a	#3f251b	#6c503e	#a8826e	#038f3e	#7193d8
seurat1	25	#766365	#798648	#51661e	#ab7d68	#7f8926	#8a7947	#c7c781	#3f4c16	#c8b13c	#8b9270	#b79552	#4f3c42	#d7ddb3	#333317	#bcbb91	#bc8a32	#686316	#a5a263	#916b42	#968262	#3f2a1a	#dfc372	#5a6656	#ed0a4a	#ead756
seurat1	25	#9d4937	#6a5442	#808b24	#d7bf72	#788b44	#8c8165	#606153	#caac3b	#786566	#82641f	#45281b	#b78f53	#42433b	#69621d	#8b9273	#774740	#524816	#5d653d	#e6e5a5	#b5bd8f	#473448	#663f16	#ad8172	#5cba2a	#b8bf08
seurat1	25	#6d5442	#7f8d26	#798548	#42491c	#4c3447	#899b72	#b5b556	#887f46	#715e1b	#848a86	#dcc16c	#945138	#89663f	#683619	#c0ca82	#d7dbbc	#48241a	#edd75c	#bb8830	#bdc391	#61683a	#516219	#b7b69e	#687650	#842720
seurat1	25	#784e3f	#90633c	#8a621b	#c3b07e	#8a976c	#c5cf7f	#2a361d	#434340	#3d4f17	#e9e687	#653a17	#6c601a	#56451c	#493e43	#4f6b20	#b7b4a4	#40261c	#bdc18a	#968065	#b99356	#954c31	#848688	#95852a	#153865	#b6d7be
seurat1	25	#818c29	#e2e882	#afb951	#3e4917	#2a3119	#af7c6c	#422517	#673f16	#845f24	#9ea15a	#745f68	#e7db5e	#8b837e	#695041	#927e4a	#c6b07f	#716018	#908369	#5e6951	#90663d	#b6c487	#c7c780	#814841	#0bdd6a	#312a46
seurat1	25	#e5d85f	#9ea95e	#472a1f	#938067	#cca879	#ad786c	#eae582	#61381b	#c6c881	#8d633d	#5d6939	#1f2114	#d7e1b8	#48344a	#84867e	#665742	#b7be55	#8d926e	#9c852c	#b78439	#e0b96c	#b5b9a0	#b3c38c	#ecf6b5	#f5a602
seurat1	25	#758442	#5d6653	#b5b9a3	#8f7d68	#96822f	#8e7c41	#2f3a1d	#b8bd87	#48443a	#6e523c	#d6deb7	#394b16	#211918	#84872b	#e9e17d	#452517	#8c601a	#c5a840	#c4ce80	#8c8680	#e8d85f	#be9054	#a6a860	#189031	#50d19c
seurat1	25	#633e1b	#85641e	#a5a564	#7a8626	#c6b27f	#5a6854	#e5d85c	#9d4832	#524517	#e5e57f	#887d41	#878d80	#d7ddb6	#eaeaa3	#896b3d	#626a38	#8f8262	#3e4d1c	#ab816b	#b1b19e	#b0b653	#768344	#6f5b66	#7ad6cf	#43232e
photo_paulbica	25	#42220f	#e0742a	#b15d37	#2e1e11	#90513c	#89441e	#543f52	#c35713	#6a4031	#f0801a	#6f484c	#384674	#4c6886	#626d7a	#655572	#483730	#3d2c33	#ad907a	#ce8953	#f2b54d	#9d645d	#2b2740	#f29321	#4286e7	#65d3ee
photo_paulbica	25	#39292f	#2d1713	#403c5a	#262d44	#3b2016	#af5f37	#da7423	#fede21	#4f2e13	#7e6477	#b37a56	#e3b163	#f58311	#764f4a	#8a4018	#945340	#ab8c77	#9a625a	#5f5475	#f6941d	#c05112	#da6116	#476883	#e1a642	#9bd683
photo_paulbica	25	#582913	#8b7d7c	#c5ab7c	#de8f3d	#c45813	#b25c3d	#966854	#805e7b	#8e4e3c	#493d52	#b6b7cb	#1d0e15	#db732a	#ae8f78	#d06734	#2b1917	#3c2932	#b97a5a	#8c6b62	#6c4743	#f1b544	#5e4052	#ffde22	#d16520	#7dbfbe
photo_paulbica	25	#dc650e	#99685d	#f67f14	#1d0e12	#feda22	#e58c3f	#703617	#364a72	#4b6684	#ce672f	#8c8481	#d18354	#b57d5c	#301814	#564151	#645171	#ae6137	#904118	#8e5438	#474354	#babaca	#7c6674	#c15519	#2868b7	#fba78b
photo_paulbica	25	#301e15	#8c3a19	#fb921c	#473f52	#7d6477	#c5a77a	#b6b7ce	#421e15	#cd7034	#a54416	#6c3515	#aa8879	#9a6258	#6f4945	#fbe326	#352d31	#4f2e15	#616c83	#564348	#c65313	#e06210	#dd7720	#1b1213	#75be63	#3a52d6
photo_paulbica	25	#916960	#dfb05f	#dc6511	#3b1e14	#cbae7a	#e17325	#6f3517	#211217	#352a30	#615175	#f9da26	#403a55	#49618c	#6a7080	#542a17	#fa7e1b	#2a161a	#b67b5b	#c98b4e	#5d414c	#ad8c73	#a34d1a	#6f474a	#48e1c0	#6cd5c3
photo_paulbica	25	#40230e	#d8792a	#ffb721	#67597b	#f07914	#6f4e48	#7a6073	#a58b7a	#66717c	#542817	#a84d1d	#6b351a	#2e1f1a	#463d58	#b37b54	#4a6585	#3b4875	#886561	#db6110	#5b4049	#8f401c	#dda963	#e6943c	#1c2854	#8fa6bb
photo_paulbica	25	#aa8671	#e17723	#665574	#3c2f36	#ccaf77	#a94a1d	#d2844e	#ffdb24	#6d474d	#903e1b	#f7831a	#4b6983	#1e100f	#e5ab59	#b7bfcc	#907e83	#bf5614	#e48f37	#fdb923	#443f51	#8f6164	#56424a	#91553c	#439ea7	#0e75a3
photo_paulbica	25	#8e4117	#df7326	#8f7d7c	#7b6377	#fb971c	#d86115	#f7e41f	#e48b3e	#6e3f31	#55474a	#2d283a	#542717	#e5a860	#cfad7a	#3d1b17	#d06f37	#5f5478	#efbe44	#f78019	#99665d	#b47c58	#6b331d	#ae8c7a	#50a231	#1d221c
photo_paulbica	25	#6a3318	#ffe124	#a68d72	#344475	#744b46	#473c57	#8c543a	#ffb41f	#9b625d	#b15c39	#221113	#d86812	#496687	#8d7f7c	#605074	#f29325	#7d6879	#68707e	#f5b548	#ddae5b	#f28319	#b8bad1	#2c1918	#6b471a	#e834f4
chikanobu4	25	#d4b486	#332d32	#565e4d	#8d8478	#96815f	#e4a25f	#813f35	#aaa884	#eab671	#cdc0a8	#242522	#b43b33	#d28e73	#707d6b	#918d75	#8a5b41	#c57162	#3d3659	#76725f	#c3a381	#f3deac	#4f2b2a	#be5242	#2e22ba	#29afad
chikanobu4	25	#dc9a5b	#6a7882	#514b48	#635741	#282018	#e7b376	#827764	#70675f	#727b72	#492c23	#83403e	#f56a3a	#3f3a33	#a39072	#f6d9a4	#9e7b66	#5a5e52	#b05442	#a4a28a	#c89171	#be7158	#b24039	#b38a5b	#4149f2	#877d99
chikanobu4	25	#37385a	#6c6b5a	#ba514a	#8a5747	#797872	#f1d8a7	#bd7162	#9daa94	#fadfaa	#a27b6a	#cbad80	#657482	#ba3c33	#af5d45	#a28e75	#514a46	#d1bea4	#393234	#89988d	#937c58	#29231f	#85443b	#e5b372	#39605e	#116f6b
chikanobu4	25	#262122	#524a46	#bc705b	#d0b284	#a8a18a	#70775c	#8d835f	#615840	#e4b779	#f5e3aa	#f2d8a9	#242a1d	#865843	#3f3931	#837760	#462b2a	#72826f	#8f8d77	#9d3f31	#c9c1a3	#ae8e58	#bc5345	#bf9f87	#02d33c	#5307e3
chikanobu4	25	#d2b580	#462e22	#c57459	#ca946f	#885b44	#37352d	#4c4e49	#c9bfa5	#383d54	#ecd6ad	#40422b	#90805f	#a1907b	#eab976	#777e6b	#252520	#6a6759	#ac5b4b	#fbe5b0	#fd6a34	#a0ad94	#9f4535	#241a23	#bb9ceb	#ae11a3
chikanobu4	25	#3e365a	#824437	#8e967c	#605a45	#d2ad87	#292028	#ede6ce	#9d7b6b	#534a48	#6b6461	#9b4132	#e6b777	#adaa8a	#c0765c	#d28d6f	#947f57	#bca388	#f36a3c	#dca05c	#a4a99c	#3b3e34	#92887c	#ad8a5d	#a89764	#2feefd
chikanobu4	25	#eab97a	#d2c1a0	#a3452f	#cbb589	#535e48	#dfa357	#ab554a	#fd613a	#373231	#f9e8a9	#a57c68	#907f59	#bfa882	#4f4d42	#687787	#bf524a	#251a28	#c89579	#7a7c6b	#72745d	#a4a69e	#69665f	#b34432	#64b680	#431742
chikanobu4	25	#f3e6cf	#bda286	#cec8a4	#6d7483	#e4ba74	#c07a5a	#1f1f21	#25211d	#f96333	#8f7e5e	#ccac81	#b28e60	#b05745	#ada482	#6f7559	#482d21	#fbe2a8	#4e4e42	#9eab96	#b54433	#3f3d2f	#8a453a	#605a41	#6f2eee	#81fd5a
chikanobu4	25	#a2ae9c	#8a6e5e	#864338	#a24533	#413c57	#b58d5b	#e6a357	#f96237	#4d2923	#545d4d	#cfb082	#899679	#aaa381	#a38e77	#f6e3ab	#3b3c2f	#737a6e	#2a2022	#8d9790	#4c5043	#d18e70	#b9534a	#845942	#e29d0f	#d31837
chikanobu4	25	#9a4433	#a37969	#4e2c28	#cbc3a5	#e0a35b	#f2e5c6	#f76b34	#757c73	#687880	#4e4941	#85725d	#89958c	#252126	#85453c	#a7a981	#fadea9	#baa084	#bd735f	#6c6c58	#af5e43	#f4d0a8	#ad9057	#a2a598	#940f9b	#fa4f7d
photo_pagedooley	25	#fef0a3	#f7bba2	#bfa0a5	#22313e	#13182e	#525668	#b88399	#f9a491	#823643	#f9d3b8	#ffcd9e	#22253e	#1c2431	#11131e	#3a4c6a	#fe9895	#8695a3	#f3f4ed	#ffb78e	#34435f	#abb1b2	#9b919d	#20344d	#d3f0a8	#af0b1d
photo_pagedooley	25	#6d7d9e	#3a435e	#425b7f	#151a1a	#a9a7b7	#f6c2a9	#bfa4a6	#ccbeb7	#4b586a	#f7838d	#967b8d	#7d7598	#faca97	#c897a2	#253a4f	#597290	#fae6d6	#34486c	#24383d	#dfafa4	#f6a397	#131a26	#1e2638	#570d54	#2dddb2
photo_pagedooley	25	#d3c5bb	#344352	#687e98	#967590	#b68a97	#deb0a8	#ffcc9d	#272b3f	#fc998f	#f88b8b	#527396	#3b3e59	#ffe9a2	#9b8a9d	#213345	#293150	#8195ab	#e8a699	#807798	#f4e9d7	#a8aeb4	#1e3a4f	#344569	#2fba6c	#ef2c9c
photo_pagedooley	25	#211e3c	#203551	#f99291	#f7e3d9	#b38c9c	#302d3e	#d1c3bc	#823147	#d78a97	#e6a1a0	#353f4e	#516c8d	#f6a695	#292f54	#a3919f	#0f141f	#fff2a5	#38496f	#7f7693	#728295	#ffe0ae	#3c4c6d	#f5f4f2	#9ff0fc	#692ec5
photo_pagedooley	25	#23383e	#141b2d	#937893	#f6b8aa	#13151b	#2e2f3f	#acaeba	#793343	#b38394	#e6afa5	#ffcf9e	#ba9ea2	#d2c5b9	#efebeb	#527590	#3d4d66	#f4e9d0	#9c919d	#efd0bb	#334572	#e5a59d	#fdb78d	#fff0a5	#4fe710	#ce8346
photo_pagedooley	25	#f9b68f	#d28991	#19233f	#a28ca2	#415d85	#384b6b	#f0f3e9	#ffd9b2	#27343e	#f5baa6	#f8a793	#151523	#be9fa9	#803545	#4c5a63	#f0828b	#263a49	#587396	#f8d3c2	#aca9b1	#827797	#987a97	#cd959c	#4c7ce7	#f05389
photo_pagedooley	25	#e5b0a6	#4b5a6d	#e7a3a2	#7d7893	#0f191a	#1d273a	#344d72	#334157	#cebdbb	#ffeba5	#997697	#d09ea2	#46607f	#f0f2e9	#8792a7	#314357	#1b192f	#587496	#2a363e	#f8d1ba	#d38397	#fcb290	#282842	#a163d9	#ab9ae2
photo_pagedooley	25	#d6c5b8	#11161f	#57738d	#858eab	#987b96	#7e7891	#2f2a3d	#f79b92	#363c61	#a9adb8	#3f597e	#161d28	#bf9ba6	#202741	#192731	#fdbea6	#d68492	#f0e9d4	#ffb68b	#697a9b	#f2eff0	#40506b	#b98599	#b9acf4	#778740
photo_pagedooley	25	#ffaf8f	#bda5a0	#d7869a	#324c70	#2f293c	#1f344d	#94768e	#d0989e	#e4a2a0	#283655	#ffd8ad	#566c91	#3d5366	#15121c	#ffeca1	#a08f9b	#f4e8da	#edebeb	#71809d	#aba7b3	#f9cb96	#feab99	#1b1b30	#07d0e4	#0b395b
photo_pagedooley	25	#ffe1ae	#3a4b70	#fa8a8e	#e3aaa6	#6a7e9f	#233742	#3a4971	#2e2a3d	#9e8e9f	#14121f	#faab93	#8790a2	#b78496	#ed9fa1	#364655	#182034	#f9d8b8	#827794	#907591	#fcf2a1	#7e344c	#577591	#f5efea	#87081e	#9c1856
seurat2	25	#554f3f	#a36c30	#f9e48e	#ece6d3	#141318	#785620	#ebcfb3	#8a5e5b	#31262f	#7f341a	#f5deb6	#b07f79	#957742	#502113	#b99065	#c1a969	#413413	#3d4141	#5f3610	#ecc88b	#d2a690	#655b65	#ccb58f	#d95682	#ab14e9
seurat2	25	#59493d	#ede2d2	#ac6c54	#756f63	#917957	#5c3717	#aa807a	#2d2a20	#af906c	#cfa58a	#988130	#c5a56f	#6f4633	#5a393f	#885e55	#4b1f14	#3d2b12	#f7e48b	#f8e3b1	#7c5717	#3c4448	#331b15	#69553b	#15f53a	#43d2fc
seurat2	25	#c4b5ab	#613c12	#d7ba57	#f1e0b2	#aa8079	#4c1b11	#a99389	#773e1b	#25261c	#e6c788	#f5dfd2	#a56d31	#60595e	#36180f	#ab6f56	#292733	#ca9b56	#8c7146	#f4e58a	#957f88	#7e531a	#d3a688	#715d3f	#9e79c8	#4142ae
seurat2	25	#715f3b	#f5e28e	#b98963	#403212	#76371c	#645960	#29241f	#524d3e	#511b12	#5d491c	#d2b456	#f3e0b6	#a66f34	#7b561e	#c2ab6b	#a4998b	#8f743e	#d3a18b	#c09c50	#ab8172	#eed0b1	#cfbc97	#cab7ac	#855ade	#36ca09
seurat2	25	#edc088	#ab857c	#f5e7d2	#f4e6b9	#341916	#d7ab88	#d2b75d	#eecdb0	#3c4042	#724234	#a96e2d	#2e242b	#7e501d	#805d5f	#242b20	#917c59	#c19353	#c7a96b	#15100f	#605d63	#5c451a	#3f2b1c	#747269	#2abd69	#52c214
seurat2	25	#987f29	#cfa68c	#2c2a24	#ad9b88	#734b34	#7b3b18	#ceb9b3	#a06c36	#cfb892	#151017	#584842	#2a2330	#796d62	#8d783e	#ebd0b2	#c3ab68	#96858a	#633911	#463415	#80615c	#7a551a	#8e6a45	#573a3b	#16d36e	#775c03
seurat2	25	#f5e38e	#c28d5e	#eec68a	#422a14	#cab994	#594a3b	#946542	#a46e33	#75521d	#5d4717	#8a7c58	#a98578	#866455	#3a3a3e	#b0956b	#c8a56b	#361111	#947e2c	#f0c9ac	#7b7464	#c8b6ad	#917b46	#d4b458	#0991db	#e62a31
seurat2	25	#e8cbb0	#c2895d	#714336	#7b7164	#3c3317	#161117	#a9988a	#785716	#705738	#a96c36	#2a232a	#efc78a	#ca9352	#f3dfd0	#938683	#5a3417	#d4be57	#423a3e	#c5a770	#886558	#f5e5b3	#2c2a1c	#4f2317	#53a61c	#a6ee18
seurat2	25	#ab6553	#272a21	#7d5820	#906542	#6e5e3b	#443215	#7b3618	#504e3d	#311b11	#957b44	#c5a56f	#d5ab8c	#f5e8b3	#282434	#72443a	#533335	#be8f5e	#897b58	#a56a2c	#a8966f	#404441	#614f19	#f4ded8	#2d4737	#fd45d7
seurat2	25	#f2e5b5	#ab9169	#2b2c24	#c69b52	#d4bb5f	#160f18	#341215	#f0e1d1	#ab8375	#43341c	#7b5418	#ad6d56	#c1a56c	#75443a	#edc8ac	#4f4642	#3c413e	#7d351d	#6e5f3f	#686060	#5f3514	#956742	#917e5a	#a4174e	#1787b2
photo_geomangio	25	#283f2c	#848c7c	#656259	#6a8c58	#170f18	#876c59	#e6e6df	#976a4d	#8aa261	#cbae7f	#804126	#c55674	#a6a083	#bf7256	#988961	#373027	#784847	#ba4c53	#bc907c	#c2c0a8	#a2a097	#89956f	#3a1d18	#c0deea	#2942d5
photo_geomangio	25	#be705e	#9fa099	#c7a557	#b47e3f	#36160f	#28412c	#5e2e1a	#c3b07b	#cf897e	#4f5541	#88a367	#8e361e	#869968	#814528	#4d5e42	#988164	#797e5d	#a5a584	#c7bca9	#876956	#96704c	#c75b78	#4d2f1e	#e0b36a	#25e132
photo_geomangio	25	#5f4748	#c58962	#caa954	#aaa68b	#4f361f	#254427	#856c58	#5d251c	#1d1011	#9b5b2b	#c4c0ad	#5f714e	#666654	#b7977d	#956f4b	#814a25	#b94d54	#e1ece5	#466142	#6f4f36	#87351a	#b67b44	#c58d76	#7c22e9	#51a2df
photo_geomangio	25	#50321f	#a4a28a	#c18865	#819970	#828374	#c68a75	#99845d	#b89a84	#daac95	#284129	#7b4b42	#b77b41	#63625a	#ca556f	#3b3127	#201717	#bf4754	#8ca165	#a35831	#4f583a	#634c49	#714b34	#966f4b	#c2fea8	#d220ef
photo_geomangio	25	#485c40	#71775c	#c88369	#6b835b	#89a361	#b57b42	#8b3218	#636957	#ba4454	#839770	#848d76	#a5aa84	#7b4423	#6c4930	#95885d	#1d1518	#b96d5b	#634747	#cbb57b	#dea69a	#b69681	#cf857b	#a3a399	#ff62e7	#4630ad
photo_geomangio	25	#5f2919	#6e4731	#ba7257	#648554	#83a65f	#dba694	#cbc0af	#49503b	#3b332b	#a45047	#4e3524	#5d7a4a	#828a7d	#dfe2dd	#c6887f	#a66052	#9e8962	#351812	#80685b	#171414	#747458	#c4b382	#78482b	#3d1778	#e9bdc6
photo_geomangio	25	#634740	#aca385	#b39780	#27412f	#898779	#dda794	#c5ae5b	#caae7e	#7e4b47	#784427	#684734	#64835b	#543021	#9f6653	#c68b66	#3c2f2f	#ca5d71	#3b1a0f	#ad7f3e	#886656	#50513d	#89a363	#1e1813	#241db5	#d8302b
photo_geomangio	25	#513025	#495343	#c9b082	#9ea095	#bc9181	#774628	#372c29	#63493f	#9c6e4c	#e0a69a	#a44f40	#6b4d34	#658556	#876a59	#5e7152	#c6837b	#46603a	#e0ebe4	#7e5041	#c4866a	#9b612e	#8ca95d	#c24553	#3579cf	#ea3fed
photo_geomangio	25	#e0a892	#3c332d	#c9ab57	#4b543f	#c3c2ab	#bf745b	#968861	#c45c71	#5e291c	#888975	#bf8368	#4c2f24	#bb444f	#879f5e	#6e4a30	#29422e	#cab17b	#9d612b	#dee5dc	#648b52	#ad8340	#4b5b40	#a9a281	#7a6ea4	#fa72e8
photo_geomangio	25	#a7625b	#98704f	#a95340	#648b5a	#ca5475	#ada18a	#806857	#2d4127	#b17f45	#88391d	#c04d50	#bb7358	#cca556	#ba9a7e	#171213	#8aa364	#58754c	#a45d2e	#e1a594	#543623	#5f4a46	#592814	#3c2f2c	#a75f96	#7b0a62
photo_webheathcloseup	25	#3e2f15	#997542	#f3eb76	#23261a	#46433a	#c0671f	#d8b512	#b8b424	#9f4b1a	#ab981b	#8d6c0f	#8e8f53	#d4db40	#f1efe3	#534830	#e36921	#e97d13	#a0a5af	#b37920	#665e48	#44541b	#e3d017	#4b2818	#28475e	#c7854c
photo_webheathcloseup	25	#444031	#9d4a15	#a9c342	#d4dc3f	#6a7129	#666562	#342417	#f1e379	#ae7827	#e4cf1a	#74351b	#ec9924	#2e272b	#655948	#533011	#8a8371	#a6a0b0	#38340f	#5a492d	#656833	#495519	#eb681d	#d7b318	#7157ea	#5b44f5
photo_webheathcloseup	25	#5a492a	#e9a026	#94b446	#aa901d	#954917	#8b6e13	#2a312f	#bdbaa1	#e5e19e	#686f2f	#c0bb22	#e86c1d	#636160	#532f18	#a6a2ab	#6c5f45	#abc544	#444335	#c56721	#8e9950	#4e4b1d	#4c390f	#252e1d	#8cec6e	#882071
photo_webheathcloseup	25	#e3d718	#bcb229	#3a3313	#e86e1e	#645747	#161412	#252d1a	#9e4617	#6a762d	#b47c27	#b39921	#eddba4	#8f6b13	#eca329	#9aac3e	#9a7142	#c2641c	#27302b	#71530d	#6a633a	#bcc0a1	#88856f	#606566	#a4a3a2	#423360
photo_webheathcloseup	25	#b2931f	#2f2f31	#8c816f	#724e0b	#e8861c	#a59ea9	#c06023	#52412b	#513d0c	#e8a027	#9a4c1c	#656138	#b8b326	#928f50	#42463a	#f8e371	#4f2e13	#6a712e	#7d8e36	#dbdb3f	#8a6a0c	#bcbfa0	#e26b20	#2172ca	#fe5f13
photo_webheathcloseup	25	#c3b8a7	#90b43f	#a4a5af	#6c613b	#e5e09d	#686368	#434533	#1c1c12	#d7b714	#6b6146	#7b8e35	#bcb62b	#8d974d	#ec8616	#d4da3e	#703c17	#513e0d	#4a521a	#8b8073	#edeae0	#efe77b	#502f15	#afc645	#494bbb	#169984
photo_webheathcloseup	25	#eae0a0	#454739	#574a30	#9e4717	#a99bb0	#6b6836	#c0bfa0	#e3691d	#6c5115	#f8ed20	#67594d	#523012	#efe572	#181b14	#ae7e1e	#3a2b0f	#efeee2	#c7621a	#b9b825	#666166	#e1d41b	#616f31	#485116	#c6a332	#d4838e
photo_webheathcloseup	25	#523e10	#8b8674	#e4861b	#36261d	#686261	#b1941a	#463d37	#788a36	#753a16	#886c0f	#363012	#667729	#554830	#dadc37	#f2a222	#1e130c	#6b5d44	#b7ba27	#ecdd9b	#eff3e3	#e66d25	#e5d51c	#2d2416	#40c57c	#47733f
photo_webheathcloseup	25	#b27c26	#745713	#493d32	#492814	#ed9a23	#4c511d	#d6ad17	#c0661f	#89700c	#503912	#a9c746	#d7db36	#eee472	#994b1e	#e8d716	#341f15	#2b2b2e	#564232	#733418	#68584d	#eade9f	#8c8170	#ad9a22	#5f9068	#69862b
photo_webheathcloseup	25	#733313	#6c6235	#2a2a1d	#ec9a23	#8f9356	#e6d01f	#637832	#1c1d0d	#675948	#c1c1a1	#341d16	#907115	#554231	#f1e874	#9b7242	#aec341	#302930	#c9681d	#46531d	#6d560e	#626569	#d9b315	#424636	#107218	#789384
photo_radiofreebarton	25	#351a19	#ae444c	#f4a8b3	#5e171b	#653729	#5b6763	#b2b8c8	#74a674	#949d8c	#b0a375	#f77e99	#e49775	#9a553d	#fb75be	#857e77	#69534d	#827b4e	#f4bb9c	#ad6162	#87282f	#202f1e	#3f3936	#171c16	#1e3e91	#1aa683
photo_radiofreebarton	25	#3b3931	#3f201d	#4c4766	#b08579	#181811	#fe7ab9	#813428	#79b079	#4b7e4f	#69273b	#ecacb2	#969c5f	#842530	#b8bfc2	#5a1c16	#253119	#91404f	#939791	#e59e7a	#61564c	#673727	#bf7254	#6e375c	#5f7b2d	#a04d1e
photo_radiofreebarton	25	#b2bbc1	#897b7d	#6d365e	#ac6264	#d73a43	#969c5d	#c37953	#5b5537	#507647	#9a9b92	#f98cd9	#78ae79	#551d15	#e59e75	#f3c0a2	#b4a678	#f67d95	#5d6464	#b43c4d	#ebece9	#28253c	#965241	#504666	#446665	#feaca6
photo_radiofreebarton	25	#9b5a41	#fd5594	#556360	#a32d29	#6d3625	#361718	#939890	#f1c0a1	#652a3a	#bf7753	#f3a8b8	#591618	#4b4b69	#5d5132	#b6bec1	#d33c49	#954352	#ff76b9	#e9ecea	#88372b	#ac696b	#6b335e	#882034	#a3c36e	#0c86c5
photo_radiofreebarton	25	#4b4969	#b3bcc4	#c67555	#423734	#a56961	#822533	#6a5456	#4a7648	#eeb2b3	#7daa76	#642837	#59645d	#f98ad4	#9d2c30	#89787e	#1d2d1b	#3f1e13	#67382b	#561d16	#5a5639	#94958c	#d33f42	#842f26	#fcbff0	#4f598a
photo_radiofreebarton	25	#3b3936	#596261	#b33a47	#aea577	#a22b2c	#743560	#891f31	#857e79	#58151f	#f5abb1	#ad6764	#c27257	#487747	#4b4c6c	#969855	#693928	#565235	#993a51	#e09e74	#f2ba9d	#36191b	#b2bbc2	#695053	#85a48d	#df780b
photo_radiofreebarton	25	#995041	#974052	#c5735d	#551c16	#3e2014	#dd4063	#497647	#a12d2d	#fd8399	#5a6660	#7e352a	#e2e2ed	#8b787f	#a86367	#9c968d	#b4a676	#2a2839	#703861	#6b3a2d	#f2afb6	#5d4d38	#e8977a	#62293b	#2906ac	#d61e2b
photo_radiofreebarton	25	#edbe9f	#b7414d	#5a5639	#d83942	#381b1d	#c17854	#586867	#fe8792	#625552	#f3aeaf	#4a794c	#e04064	#852936	#914452	#fc75ba	#e9e9e8	#673a24	#292638	#5a1816	#8a757c	#b58572	#e19e7b	#ff8fd5	#e5bb6e	#d49214
photo_radiofreebarton	25	#f1acb8	#b2b7c9	#813626	#60273c	#8d7c7a	#ff599a	#e0436b	#f88bda	#f78399	#5a5532	#351d1b	#b88273	#3a3436	#e4e4ea	#6b382e	#965a3f	#4d4c69	#2e2039	#d43e42	#201813	#bd7059	#9c9c8d	#72335d	#36adb6	#47ec2c
photo_radiofreebarton	25	#556265	#e99e7d	#dd3b6a	#c67657	#253520	#622a3b	#96573c	#733964	#84777b	#afb7c8	#f85a9c	#5f4d36	#391f1d	#79ad76	#989555	#842f28	#504a6b	#693926	#7f7e4f	#4c7646	#924257	#b1a37e	#ad444e	#001599	#92ef66
photo_dexxus	25	#19151b	#2f4150	#613756	#20347a	#2d3c6e	#748e9a	#e1b76b	#5694e9	#6ccaf9	#ecda73	#e7a04b	#3056a3	#4d5d4a	#3e2421	#ab523d	#79f2f3	#043bc1	#826639	#ee662f	#151a32	#7a8969	#efebab	#494f28	#e8ab07	#e40661
photo_dexxus	25	#6c696b	#0734c1	#5691ed	#7e6058	#644928	#546d92	#505e4e	#816c3a	#d2f1f1	#f1eaaa	#1b2e83	#e89d4c	#305ca6	#473e43	#76f7fa	#2569da	#55b2f9	#f1dc6d	#758770	#ccaf8f	#b48351	#633d57	#232f28	#dc5107	#a833fa
photo_dexxus	25	#64442b	#75806b	#72d0f5	#4a502c	#253e71	#cff1ee	#f2e4a5	#1a1e35	#4b5451	#b5895a	#333f4e	#7d6254	#53b7f4	#536b94	#1b1519	#39271d	#cdad90	#e79e48	#90915d	#1d194e	#242e22	#f5e26b	#93a3d4	#fecf29	#8585fc
photo_dexxus	25	#66686e	#ec6630	#7a859d	#82643d	#bcc4ce	#566495	#909156	#033eba	#4d4142	#e59f43	#2d3c6b	#5798ed	#f3e3a5	#375da5	#eab868	#b78755	#303c56	#415426	#603a55	#a78f86	#1a2138	#2462da	#213024	#cfbf1c	#93ae34
photo_dexxus	25	#f5de70	#62492a	#78f1f5	#c0bfcf	#191b34	#283a71	#2369dd	#49552b	#78899d	#6dcff6	#0339ba	#352621	#327fed	#222d22	#5099ed	#52b3fa	#e1b771	#75806f	#ab5745	#806158	#a98a89	#4d4443	#355faa	#dab4e8	#fc1826
photo_dexxus	25	#3f2918	#12181d	#cdb390	#8aa8de	#866a3c	#4d3f3f	#768ea0	#f1e270	#536694	#161a4b	#ec6334	#3259a6	#8d9758	#eeeda7	#54b1f1	#80eefa	#3486f0	#2b3d6c	#2d4150	#212f27	#5699ee	#b4865b	#72816a	#4b0c0b	#5832bc
photo_dexxus	25	#8a965c	#3a291c	#2e4653	#e8b071	#5190ec	#355ea9	#72ccf5	#4e6b90	#ee9f48	#2061db	#75846b	#c2becb	#718e99	#2e406d	#92a6dc	#19347f	#b04f41	#f2e16b	#cff6ef	#191f32	#1c1215	#f3ecac	#5a462a	#cb744d	#37106f
photo_dexxus	25	#243425	#a4897f	#79876e	#e69c4a	#869958	#68cbf7	#35221b	#1a2c83	#b9865b	#0637b9	#151e37	#c5c3cf	#314158	#78f4f8	#e8b66a	#355fac	#748898	#474242	#4d6499	#505e4c	#275fde	#ccefee	#435024	#e1b539	#4c6064
photo_dexxus	25	#131e49	#304156	#7f653f	#e79b43	#53b5f1	#4f3c3b	#78859d	#1c2039	#899357	#5f3754	#72cdf7	#67616e	#193284	#4e5d4f	#624129	#2864dc	#263b71	#0837b9	#141b15	#3a2719	#243526	#a58b84	#e7b569	#d030f4	#ff6c34
photo_dexxus	25	#131e4c	#78869e	#3f291c	#a89080	#f5692e	#846e3f	#879957	#1c1f37	#131a15	#1e2b84	#043cc1	#b58553	#2d4354	#cbf1f0	#c3c4cf	#eee7ac	#599aee	#f0da70	#1e2c1f	#495c4d	#1e68d6	#ef974a	#8ba5d5	#398315	#b0e7ae
photo_tanaka_juuyoh	25	#a5bdee	#cbd3d6	#867063	#b3b5ae	#51523d	#66a88c	#ec8e50	#724528	#5c5250	#1b1211	#3b90f6	#1864ec	#112372	#aa8256	#111a2a	#96d0c8	#d9ebcd	#b15634	#d5c89f	#552d16	#d79ea2	#463b55	#cba171	#e74df2	#bd3929
photo_tanaka_juuyoh	25	#101a2a	#a89183	#62a6f6	#d3a36a	#975f34	#b1b4ae	#95c8cd	#5d452b	#e58f57	#eaeff1	#151810	#6f4826	#7e6f62	#785f49	#cdd4d4	#878b90	#504e38	#2586fd	#959eb4	#ad5f2d	#0646b1	#0a2771	#2064ec	#490efc	#52fd54
photo_tanaka_juuyoh	25	#905c36	#eceeec	#785e42	#c9a76e	#34251d	#b7adab	#58291a	#0d45a9	#6c697f	#d5a2a5	#ae5d32	#121225	#8d908e	#714d28	#79391f	#1c68eb	#141518	#0c184a	#463f59	#c0a988	#67a98e	#2883fd	#534a3e	#488473	#243629
photo_tanaka_juuyoh	25	#277eff	#ebeff4	#7d78a4	#a5c2ec	#9ba0bb	#cb9f6b	#784022	#7e5e45	#ab5f2d	#aa855d	#c5ac87	#18172e	#99cac9	#0a1e50	#70a88b	#3796f5	#b4b2ab	#e99259	#0641b0	#1c65e7	#b2784e	#502b1c	#8f6232	#350db2	#995b0e
photo_tanaka_juuyoh	25	#2a84f9	#cad1d8	#34271f	#744427	#4f543d	#a95b2e	#542a1b	#0842aa	#b7774a	#a87c57	#2261ea	#454259	#f1f1ee	#8f5f33	#09276c	#18160f	#96cdce	#d7e5c9	#6d6975	#7d6242	#866f6a	#e49850	#81401d	#aca7ab	#618bef
photo_tanaka_juuyoh	25	#b5b0a7	#6baa90	#7c381e	#975e3c	#d2c5a5	#7d7061	#0c3cb0	#1b67e6	#7a5d47	#868896	#503115	#140e12	#54514f	#daeaca	#a2c1ee	#b47b48	#3990f5	#99cccf	#17152c	#102673	#362d20	#9e9a80	#ac5e2e	#86c11a	#aa6b31
photo_tanaka_juuyoh	25	#ea9159	#2385ff	#7a3a1c	#aa8458	#5a4e54	#312c18	#181313	#13122f	#0e216b	#65a7f8	#c1ac8a	#979db9	#0943af	#b17a49	#6d452a	#747aa9	#afaca9	#9dcac7	#d0cfd9	#594630	#d0a16f	#ebf2f3	#ab5b34	#213d01	#9d68b4
photo_tanaka_juuyoh	25	#d4cda0	#103faa	#b9b3ad	#d0cdd4	#905a38	#bda387	#533219	#99cbc6	#0c1c4b	#4f4e3e	#ab7d5e	#878d94	#7a6240	#b15c2d	#7c3b23	#d5a4a6	#463f55	#a8bde7	#d7e5c8	#6da18c	#3693f7	#0c266e	#b27d48	#e2d44e	#a446f6
photo_tanaka_juuyoh	25	#a29484	#775f44	#7f421f	#140f0e	#2a85ff	#55321d	#efeff1	#cba46d	#af592d	#a6beee	#5a5153	#42415a	#e49254	#96d0cc	#bcab86	#955f35	#0e44ad	#514b3c	#14152c	#a6805e	#b17d45	#1962ec	#939db6	#642d97	#9f7ca8
photo_tanaka_juuyoh	25	#102571	#868d94	#757ea9	#caa46e	#362318	#704627	#55422f	#eeeceb	#9aa5b7	#7a3e24	#6ea98e	#9e9a80	#161a2f	#3b98f8	#0f44ac	#837566	#52291c	#a9c4e6	#d3cca0	#9ccac6	#151813	#574c3c	#aa7f5d	#7d8f9c	#f92ea5
homer2	25	#495a2d	#6c7258	#616426	#4b3f29	#c5bfa6	#a09754	#e6bbad	#4e473c	#535a37	#b1978b	#5b6b2c	#e5eade	#42472d	#4a3f29	#505648	#92816b	#848633	#716f2f	#83693c	#2b2526	#c3b468	#798756	#39402a	#c5d989	#b6000c
homer2	25	#8b833e	#66632f	#31422c	#755a3b	#8f532e	#e9e8db	#a6a674	#9b984f	#51562a	#9b8251	#806e41	#8f7869	#878434	#9b943a	#6b4431	#3e4a27	#706940	#565f45	#2d261f	#464326	#c2b76a	#5a5124	#4c4c35	#9d2d3e	#2df95e
homer2	25	#c5b862	#947e51	#706540	#4f4d36	#515c46	#5e6730	#989558	#aba179	#665c3f	#505932	#414a3d	#b1704f	#6a4b36	#868137	#3c4f28	#c2bca6	#35372a	#c79777	#6e785b	#717a3a	#e9efd6	#685c30	#2c2624	#be80a0	#391893
homer2	25	#a89788	#aaa878	#6f7334	#6d6647	#2b261e	#907c69	#473f20	#3d4526	#9e8c3b	#606540	#ce9374	#7a8756	#5e5a44	#4b3731	#545933	#79743e	#e5eed6	#696330	#555e46	#34322a	#b07749	#694836	#826a3f	#497f0c	#b13be6
homer2	25	#8d4e33	#635c46	#968f35	#443f2a	#757741	#eeebda	#a6ab76	#636a31	#d09175	#7f8857	#7b6e3c	#999a4f	#313528	#9c7c4a	#4d362f	#5a5526	#6e7731	#c3c0ad	#50552c	#50513b	#63673f	#b5714b	#e2c2ac	#277e2c	#f6b2ae
homer2	25	#68775c	#404f24	#4c5c27	#aba976	#615c28	#7b6b40	#634a32	#eeeddc	#727643	#606140	#5f6829	#483d2a	#979138	#e7c4b0	#706640	#29241e	#817f57	#c8b864	#cb917b	#57512d	#53584b	#5e6740	#867e44	#345db9	#198dbe
homer2	25	#ab9f89	#65652d	#524e2a	#656f60	#625f44	#86512e	#77703d	#7f6d44	#867f39	#786f2b	#666741	#b4764f	#e6e6db	#e8c0b3	#31251e	#ccb267	#4f5137	#7e9477	#a08c3c	#63622a	#8e8066	#947a49	#454e23	#658e3b	#ddce85
homer2	25	#bbc0ad	#7c8758	#2d241f	#b19a8c	#ecefd7	#9b9251	#676d3a	#664631	#4b5728	#806b3c	#4d3d2c	#ca917d	#68642e	#8d8533	#434522	#8c5037	#9b784c	#4f4c34	#72753b	#56533a	#877c43	#6f745d	#839078	#d1fd6d	#5f8e1b
homer2	25	#c3b467	#a3aa7c	#716e41	#968d3e	#48382e	#e9bdb0	#525628	#7e845f	#aa9d91	#af734b	#eae7d5	#777641	#6e782b	#3e453f	#5f6040	#4a4323	#8d502d	#7f937c	#61602d	#3f4a24	#535e4a	#6c603c	#846642	#39f253	#96a06e
homer2	25	#525936	#727632	#e7e5d8	#616b3a	#49582e	#ad7049	#49352e	#6e6d3f	#656627	#4b4b3a	#cc947c	#73713e	#685d2c	#eabaa9	#806f42	#6d6141	#9f9334	#9a9152	#333127	#65613f	#434421	#a6a175	#ae9f8e	#662986	#a364e0
chikanobu2	25	#347faa	#392722	#b0180c	#aaa269	#1b2146	#719093	#ac80b4	#376d24	#e1a77c	#b33927	#877f6b	#c2675a	#c8a9ad	#d39b36	#ca150b	#e4cdb0	#956e7f	#776095	#171511	#bfad9a	#eaddd4	#cecb8d	#f0e9ee	#39513d	#e392e2
chikanobu2	25	#b7af98	#897b6d	#675038	#c9c88b	#e7ba97	#e77d4f	#89964e	#987351	#ebbc1a	#c66661	#aa9f6a	#ebe3ce	#7e331f	#485961	#b33929	#d19b30	#c49277	#ae773d	#192948	#ed8624	#2b2f2e	#b386b1	#082261	#d8aed5	#72c410
chikanobu2	25	#976f57	#7c6797	#b83e2b	#7e3126	#3f437e	#9ac7cf	#f1b31c	#b6a89e	#f0ece8	#c9645c	#111f64	#b11b0b	#8f7e72	#e4a878	#edc196	#676f3a	#293228	#d09d30	#c3a3b2	#cd1a0f	#3b6628	#e25926	#624f38	#8380fd	#62bdc2
chikanobu2	25	#e5891b	#af7238	#eadeca	#684d3d	#94697d	#f1b31c	#88994f	#b8ae9d	#19234a	#696e37	#a2c9cc	#347aa9	#e1aa77	#2a3024	#eac295	#c4a5b2	#b61d0c	#728c90	#0e2060	#ede7f0	#9b7550	#372618	#dd5d28	#0b0ba2	#23f391
chikanobu2	25	#a4c5c9	#7f3524	#c7c885	#347dae	#e3d4b7	#b3402a	#d11412	#bcac9e	#ebba1d	#644d3f	#ecdbd0	#e38051	#ea8421	#b49a6a	#785e92	#494181	#17244e	#dc5320	#102261	#c6665a	#977450	#d39331	#f3e5eb	#927f96	#cf7ff6
chikanobu2	25	#46535a	#3081ac	#634e39	#7e6397	#453f7b	#f0e6eb	#a986b0	#c4a8b5	#8b806c	#c69171	#c9cb8b	#af7437	#cc1b09	#ca6a5f	#18294b	#e2ad7d	#3a241e	#a4c7c9	#9c734d	#8c6c81	#b51a12	#b39a60	#b8ac97	#d96704	#6a6703
chikanobu2	25	#7a5f9a	#f1bd19	#45487a	#c9a9b4	#e8e0d4	#ed861b	#b8a894	#719190	#967256	#3580b2	#ca6458	#88984d	#936881	#092262	#823428	#877c72	#131112	#b83f2e	#cf9734	#381e20	#4b575e	#c8c58c	#e7ac74	#20868a	#c23065
chikanobu2	25	#dfd0b7	#7d6396	#a2c6ca	#cb9538	#829c4b	#c79477	#406c1f	#e9804d	#822f20	#8b6e77	#6d9090	#cdc588	#c6a8ab	#b9a899	#f0c29a	#966c57	#45595f	#ac7638	#e7801d	#d21711	#2d7ea9	#b41710	#bb412c	#9f4877	#255909
chikanobu2	25	#111211	#859e49	#cbaab3	#6c8e92	#e3aa75	#694e36	#d0c589	#bbad98	#ca605c	#4f555f	#806395	#392022	#b51f13	#e1d6b4	#f0e5ea	#d39335	#986d53	#e78347	#e8dbd1	#192b47	#b0a161	#a77638	#ae80ae	#722205	#068c05
chikanobu2	25	#803424	#ecc19b	#947081	#df8347	#b91d11	#347fb0	#1c214c	#3f6d22	#efbb1f	#3d2618	#af733a	#112666	#cd9439	#899d4f	#ef801e	#ba3f31	#bdae97	#454679	#f0edf1	#696d3f	#150f18	#e1a97d	#ac83b3	#8fab25	#f59ebf
photo_pinksherbet	25	#8d0243	#b2b8ff	#e7c2ff	#53bdff	#2f1483	#5796fb	#57b7fc	#e296ff	#4eabfe	#f3f2fa	#cc4def	#4628f1	#744efc	#9a71f7	#c43cbe	#6a6ff2	#b23ea0	#ebcfff	#8e0132	#5bc5f7	#c07efe	#fa69fb	#c3cafd	#66f3dc	#ea706f
photo_pinksherbet	25	#f780fb	#9c001a	#4ba6ff	#cd3fd4	#f14fd9	#a946f6	#59c3f9	#de5bf1	#2f0e89	#8b0338	#8bbdff	#f26cf5	#e7bbfe	#646cfa	#50b5ff	#edd5f9	#5fc7f4	#bbcff9	#7361f7	#5d84f7	#5b9ffc	#9b70f7	#e697ff	#6b23da	#0ef794
photo_pinksherbet	25	#6674fa	#6587f6	#edc3ff	#8cbafa	#edd0ff	#b140a2	#9b021e	#e259f5	#dce2fa	#b2a5fb	#ce71f8	#ac48fe	#472df6	#725af9	#f2f0fb	#8c0640	#b8b8fc	#e590fe	#9a59f5	#8b042f	#609eff	#51bdf9	#f27ffb	#e9de94	#e79cd2
photo_pinksherbet	25	#b9bcfc	#55bcf9	#900131	#50b8f8	#482ff1	#7a4aff	#bbcffa	#990023	#e25af6	#9756f8	#ecd4ff	#f1f4f9	#a26af8	#59c7f4	#e399ff	#be3ab5	#b97eff	#a989f6	#afa3fa	#4dadf8	#ea51dd	#8bb8fe	#f385fa	#f6fed7	#2089d0
photo_pinksherbet	25	#996ef9	#ec99f7	#89bfff	#4daafc	#eff8f4	#5bc8fd	#d17af9	#4eb5fd	#da53f9	#e4e0f9	#ed50de	#8c0049	#a390ff	#ad47f8	#7d4afb	#4927f4	#e4d4fe	#b4b9fe	#b2a6fa	#c641d5	#ea53f5	#9a081d	#2d1285	#1f8690	#0670fb
photo_pinksherbet	25	#52aef7	#df54f4	#5c85fe	#270d82	#ecf2f6	#6471f2	#bc3abc	#a2031f	#ebaefc	#ada1f7	#4ea4fb	#54bdf9	#eec2f9	#a94bf8	#d474f6	#f96af2	#bccbfe	#f87cff	#8d0547	#4c29fa	#bc80fb	#ea59d9	#910536	#52b304	#096454
photo_pinksherbet	25	#bab5ff	#dadff5	#bb86ff	#310c88	#57c8fa	#48aaf7	#6485f6	#e8bffa	#a748fc	#eed1fa	#c648f0	#c13cba	#6963f8	#8c0443	#eba4f8	#5ab7f6	#f37eff	#b13da6	#f662fb	#e390fa	#5bc4fb	#a174f9	#8fb7fc	#698969	#99db99
photo_pinksherbet	25	#e4d4ff	#52acff	#2b1482	#cd7aff	#a0081e	#c53fd6	#4827f7	#8bbbf7	#bbceff	#7360f7	#5dbcff	#f04fd9	#c844f0	#5e84f9	#ad9efb	#a442f6	#f083f8	#e6a4fb	#6470f8	#4ca8ff	#b538a6	#c13db6	#e8baf8	#003140	#471175
photo_pinksherbet	25	#bcd3fa	#8f004a	#a273fe	#b43ba2	#8fbcfc	#5e9cf8	#eebbf9	#df59f4	#a10321	#d073f8	#7549f8	#e797fc	#4b2bf2	#54b4fe	#c83fd2	#c637b9	#56c0f6	#291083	#a941ff	#61c7f9	#cb43f6	#57b4fb	#6961ff	#293fad	#113696
photo_pinksherbet	25	#88044a	#bcbcf9	#9973ff	#5ec4f7	#ec53f1	#c64aec	#c1cfff	#271684	#f880fd	#4e30f7	#dbe7fa	#9b0024	#6c76fa	#735cfa	#ab9cff	#4cb1fd	#b780fe	#c53abc	#fa6af4	#e154f3	#85b9f6	#7d4dfe	#9253f6	#3b5515	#203164
seurat3	25	#deaa77	#c5a750	#a38798	#abafbd	#574c4b	#564f35	#77604d	#b59974	#b5b17a	#cec66c	#9c7c31	#d1b849	#d1d792	#c1a8a5	#b49b61	#92916c	#b0814b	#696c53	#6b7464	#7a6134	#8b9299	#74728f	#cbd6b6	#4de5e2	#0ef1b8
seurat3	25	#859394	#9fa491	#ccc16d	#958033	#9c8d98	#d5c29f	#766050	#cca04f	#a8973c	#d1d4b5	#6e6c4c	#5f4c75	#666a6a	#a87d6d	#b6c9c1	#898a74	#97824f	#6d753c	#cfbb46	#b7b372	#dfc383	#95956d	#b37c4d	#ecac56	#f20895
seurat3	25	#8e8d97	#b2b1bc	#ac9d41	#b2c29e	#bba7a0	#5d5075	#d7dcac	#cbc968	#b8a25d	#e3c281	#d6d595	#c9cdb7	#746235	#987c37	#7a6471	#6b7068	#7a7aaa	#c89d47	#b5ab89	#6a7185	#b07e50	#dfb176	#74654a	#4a5d9b	#8c1446
seurat3	25	#8f8153	#afa98f	#b47c50	#9aa291	#d4d7b4	#6e7089	#d3bf45	#b8c8bc	#b4c59a	#898e42	#775d4a	#baa5a2	#9495b4	#7e6074	#b3b0c3	#d0d896	#b6b675	#909a6b	#ab7b72	#cfd2bc	#687353	#a18d9b	#927a30	#fb6914	#7cb8e6
seurat3	25	#614e7a	#91936e	#b2a98c	#ac7f70	#80626a	#b6854a	#b7c495	#d0c66d	#c7a750	#e1c784	#787aa9	#cbbb44	#d0d996	#a48d91	#998430	#6f6c39	#958454	#d6dfb3	#8a9543	#b3a261	#d6a776	#7c624a	#687468	#6088c2	#97909f
seurat3	25	#bea6a5	#524e3a	#b3b478	#74748a	#a4a043	#6d7434	#bec7c4	#a18f9a	#746135	#72704c	#968652	#b68050	#ab7e6b	#8e94b7	#8e9369	#9ba490	#deddab	#7c6453	#dcc08b	#8c8c49	#656e6b	#dfac74	#d7c49b	#1c241f	#7dd780
seurat3	25	#b1a989	#7a604f	#6c746c	#cccfb6	#8e996c	#928674	#a2899b	#d9be9d	#937e3a	#bac7bd	#97a198	#727151	#747537	#e2c182	#dce1b1	#7376ad	#8d954c	#a9aec0	#554b31	#978553	#7a6370	#cda546	#b39371	#e7808c	#b05e24
seurat3	25	#8c9596	#b8a5a0	#d8d795	#6c7439	#bcc8be	#7a6032	#816673	#b69f59	#5f4f73	#cbceb7	#958656	#b6be9d	#716d4d	#514c31	#d4be48	#4f4a4c	#d7c5a0	#6f706d	#9dab95	#b0a98d	#deae76	#8a8f43	#747786	#5e72f8	#8f43ae
seurat3	25	#564d39	#7d636a	#b8c4bf	#b37d50	#9b7f35	#6a7350	#c8a54c	#6d7236	#6f7489	#afb679	#ddc29d	#cdd1b8	#6c6e6c	#595275	#b89770	#84949a	#939143	#b2bd94	#9da290	#938974	#756054	#bda4a5	#b9ad8d	#4e2f8a	#2bc702
seurat3	25	#b37c48	#657266	#7479b0	#d0da90	#8b8f4a	#5a4f76	#b0c598	#987b38	#545334	#8e91ba	#d9c499	#c9a74b	#948757	#816074	#4d4c4d	#6f6c36	#ae9a5f	#aeb0c0	#cbd4b8	#cdc56a	#bac7c5	#6c748e	#939869	#f7ba2f	#b9c3d2
macke3	25	#252f26	#826d76	#647170	#212436	#384a54	#40563f	#7c7d61	#c19d99	#3a52af	#aa7060	#dc965e	#a7844d	#727f3f	#ef913e	#3d2d34	#bd7f91	#3f706d	#bd5646	#cd453f	#c7bbbb	#d5bb7d	#3f5986	#9097a1	#0b46e3	#18b686
macke3	25	#bc5041	#aa765c	#df6032	#2f4058	#7f7c67	#4768ab	#eb4739	#d2a18b	#2a3464	#836a6e	#883d36	#1a2535	#bc9c9d	#a6844a	#3c2f2e	#8e949a	#1f2d2d	#ca4542	#48653c	#6985b4	#612930	#45543b	#556e8b	#c1b488	#6942db
macke3	25	#c5bdb8	#526e88	#ed4737	#4868b5	#3859b0	#354b4f	#242f29	#d79d49	#79793b	#a97562	#475843	#377870	#d4b578	#c39e9a	#2a3c58	#65766e	#d99757	#7c4b72	#ca473d	#8f9499	#f08d3b	#3b3136	#101817	#68a13c	#bb2cf2
macke3	25	#2d3266	#d3945e	#111a15	#476eab	#c3989e	#818067	#a9735c	#6a86af	#ba503e	#cda48c	#65766a	#445840	#889699	#1f352c	#576d88	#70793c	#df6039	#684c36	#182136	#612930	#375e8b	#d5a04d	#3b58ac	#231cd4	#e6e94a
macke3	25	#7a7c61	#cb433c	#ccb281	#853a34	#3e796b	#7e4e76	#5d2a35	#d0a18e	#394a53	#677673	#e45f39	#395588	#4c6cb4	#e9953e	#56748a	#c1c0b9	#ac6f65	#3f533a	#3d312c	#2c3a6a	#6d4c31	#ed483d	#4d6c3f	#3c0e21	#c70a34
macke3	25	#1d2534	#41543a	#1a1314	#ea4734	#e66838	#854e70	#7f8465	#b33d55	#3c7a70	#476ab4	#c29d9d	#656e6f	#5c2a31	#654b30	#2f4355	#b65345	#557189	#843d3a	#36504e	#9f814c	#cb9b8c	#2d3567	#87656c	#81395a	#25ddb4
macke3	25	#7f4c79	#31504f	#bd6a47	#3a7569	#e94433	#1f2c2d	#666e6d	#652a38	#10151c	#8f959a	#ec9039	#d9a34b	#4e66ac	#bb99a1	#21252e	#a4874e	#486b43	#233462	#3e5583	#e76139	#be7c8c	#bc5645	#826f72	#c24073	#e5e20c
macke3	25	#be7a91	#b75547	#2b316a	#435342	#b0725d	#7d4f79	#eb4838	#7b7f69	#ef8e38	#577483	#4a6e40	#685038	#e56437	#23362c	#b86747	#aa3f53	#dc915a	#826972	#d5b37c	#412e33	#397668	#bc9f9e	#86433b	#8809da	#228841
macke3	25	#d6b97f	#cac2bc	#2f3f56	#8b9b9f	#141418	#7c4878	#3659b3	#aa7765	#ab3f51	#788366	#b96c46	#707639	#654a36	#632637	#d1433e	#405639	#243a63	#e5613b	#67746d	#6783b6	#d29758	#a5854d	#ed443d	#3534db	#2d0c2d
macke3	25	#d5b57a	#69706e	#385054	#8d9298	#a08347	#eb4538	#1a1514	#4c683d	#b24352	#894235	#db905d	#bd7a8b	#e4633c	#3d766b	#d79f49	#3f5989	#46593f	#c9a584	#eb9437	#343f5a	#452e33	#bd6f45	#56718c	#972de0	#55c322
monet1	25	#6a6888	#665d49	#7b5c4d	#66874a	#514c5f	#a3a9a3	#8b9188	#b0b4c2	#97989f	#4f3748	#5d7367	#5c4341	#608162	#576950	#703e42	#787e84	#5f7a54	#52517f	#76715a	#818155	#85896c	#8a6b6f	#9caaaa	#8ece4e	#653d46
monet1	25	#b4bdc7	#5c7554	#6e6d47	#654c42	#867470	#5e7d6c	#743e41	#91877f	#5f5759	#443b62	#525974	#5f6f82	#7a5c4c	#808671	#4f5182	#a0a9b6	#514663	#aaa89e	#79874f	#617069	#6a5f71	#5d6853	#625e48	#2fadd7	#144f8b
monet1	25	#887072	#7e8a9c	#696b87	#74777f	#5e7a67	#618350	#585f63	#45364c	#724543	#797360	#aeadc3	#709680	#56557e	#bcbdc2	#614b43	#7e8257	#5d734d	#a0a3a8	#4b4955	#7c8972	#a5a3a0	#5a3941	#9a95a5	#871970	#d00ff2
monet1	25	#736f4c	#5f433c	#6e626e	#adb5ba	#4f4e58	#4b3f65	#9896a2	#597d6a	#59445f	#b8bfc4	#535b71	#46354d	#66574a	#9fa2ae	#686e8b	#708e8d	#8f9088	#655059	#a7a6a2	#828198	#665953	#765d4e	#60734f	#8ab9f6	#c5b108
monet1	25	#516160	#534550	#629264	#7c7262	#b5bac5	#7d8c94	#6e9885	#494063	#6c4a5c	#5a6c4c	#607d65	#473545	#668249	#6b6870	#61678b	#62776f	#53577c	#67615b	#a4a2b0	#553b39	#827273	#828b6f	#7f8353	#032a75	#2cd99c
monet1	25	#724340	#9290a1	#493a49	#5b7b6b	#797da1	#676a8e	#535e64	#acaebb	#544a64	#4b3b6a	#70918e	#605956	#5d766a	#747062	#5b7284	#6f9c7f	#a6a6ab	#634746	#607152	#8a8980	#54373d	#565481	#5f5743	#f0fb7d	#6f5164
monet1	25	#795e45	#6e684c	#648d63	#7d757c	#686672	#827e52	#9698a1	#636b8b	#4e4552	#723d42	#605848	#a09fb6	#b4b3be	#a2aaad	#a3a69a	#79859f	#434060	#605954	#7f8c72	#587d65	#56597e	#575873	#5f7482	#68382b	#bbefa1
monet1	25	#544550	#7e8f9d	#8b8c84	#7d8353	#654c5a	#a4ad99	#5e8a49	#9593a0	#5e6c88	#5e7652	#846e70	#9ca2b1	#5a4764	#81819d	#5f6c55	#725f4a	#553d3b	#686e8d	#4a3b69	#505873	#647770	#5d5f40	#786a49	#bf1491	#613618
monet1	25	#737461	#7b8656	#a8aaa1	#565f63	#493f69	#b3aeba	#544e5f	#6c6374	#8f8f82	#59694c	#7d8d68	#6a886a	#6e3c3d	#4f394b	#57557c	#77787e	#7d8397	#636058	#665b49	#587a51	#635158	#9895a5	#66894d	#ecdc83	#7e0f72
monet1	25	#524e67	#7c5a46	#b2acc0	#7a755a	#767680	#806c71	#53536f	#5f6a55	#544a5a	#7f7f54	#76987b	#9b94a2	#566369	#666c8a	#654746	#9ca3b7	#7e8c97	#7f849f	#655943	#567d63	#766e49	#6e443f	#6c4a59	#f1449a	#7ec7f5
chikanobu1	25	#3c3445	#d0b69d	#9f978a	#584f54	#b55534	#c28e73	#57524b	#c9c1a8	#e5dac3	#a99f98	#e1dfd4	#a87151	#844c38	#d4c2a8	#464135	#bdb493	#a8a07c	#6d644c	#847c79	#a1503b	#c5b58f	#77735d	#403c3f	#7e4ab4	#a20e6c
chikanobu1	25	#7a7260	#4a574f	#9f5238	#e5e1d6	#35322c	#be8c6e	#c4b992	#716271	#584d3c	#504b53	#ad9d7d	#4c3d29	#d2bf9e	#6f635d	#655b4c	#402d44	#b0b59d	#928d8d	#7e7a79	#a5a19e	#7e694a	#364337	#625736	#50ce48	#eaad92
chikanobu1	25	#303126	#4b3e2c	#b0b49e	#7e705c	#a55540	#cdb69b	#6e6275	#5f4d3d	#7d6b52	#c8b98c	#a5835e	#94876a	#433f42	#a79e8d	#5a4f4f	#834f37	#cec9a9	#c1b894	#c18573	#b85032	#574d57	#484f50	#e2d7c5	#263d0e	#896e80
chikanobu1	25	#535350	#423c37	#ad9f7d	#c1b894	#c4bbaf	#534f51	#2e2a2a	#85493b	#929191	#e2e3da	#726775	#cdbe9a	#9f9788	#655c50	#433841	#d1c9a2	#a9a99b	#a7523d	#78725f	#d5c89c	#b6542d	#a08863	#c4744e	#d765a9	#82070a
chikanobu1	25	#99918d	#b9b792	#877b77	#cbbb9c	#b85236	#544c3b	#d1c498	#b4aea1	#a9a39a	#95886d	#3e3941	#7e6e4a	#5d533f	#45372e	#362821	#c77154	#746b71	#47564b	#c38b74	#a7563b	#59534e	#363f40	#cabb89	#83729e	#061f8e
chikanobu1	25	#909292	#c8bfa7	#443f24	#56505a	#32271e	#e9e5d3	#e1dfc7	#b0a082	#a26a4e	#59504a	#453a38	#7d7562	#ba592d	#8f8472	#a4a699	#726b72	#c6a087	#625338	#4d5152	#bfb296	#6d6153	#3e3a2d	#c4846f	#62cf4e	#9d4552
chikanobu1	25	#808072	#302b28	#e4dac8	#beb998	#7a745d	#b95032	#5d4d3b	#a3a69b	#a55138	#836f52	#433e38	#cd6b55	#4a594e	#3f3d3b	#696b5c	#ae9c82	#a37155	#594d5a	#c6a385	#352c22	#403446	#c4bcab	#d3ba97	#e3e0bf	#16dfc7
chikanobu1	25	#767862	#828079	#432e48	#382b20	#cdcba9	#a47157	#7c6b51	#e2d6c6	#c7b58e	#312828	#a59984	#554f55	#3b3c3f	#5f5538	#c56d53	#443823	#d1c29b	#bfb497	#a09f99	#8b5336	#cda181	#6d6573	#afa181	#242318	#823d05
chikanobu1	25	#c8a386	#a5968b	#b1ad9d	#352b2d	#8f816a	#884d37	#d2c69d	#a8a2a0	#857b71	#6b6a66	#433740	#cc6c4d	#403b33	#80694e	#564c39	#e0e4d2	#a86e57	#cdbba5	#4b5649	#b65431	#58465a	#a7573e	#61523d	#dc78e1	#8da614
chikanobu1	25	#5e4d3b	#384139	#c56d51	#989191	#c2886e	#36282e	#93876c	#3c363b	#7c745c	#524a41	#a29d86	#35301c	#d6c999	#bcb096	#837773	#c2b692	#a1583f	#6d6761	#cda783	#e5e4d4	#544f4a	#433926	#685e4c	#c3f7c9	#6494bb
monet2	25	#bd8e60	#814953	#8c757b	#a31f24	#b9712f	#d0beaa	#776c79	#5c1117	#a64225	#cb8735	#a382a0	#6c5156	#3d1825	#b98943	#936275	#b38485	#bf5427	#84584d	#962e3c	#6c3048	#761b3b	#631f53	#e1a033	#0a4b3e	#31f957
monet2	25	#b78c84	#d88728	#894854	#6f4f56	#906379	#8a7c7d	#f0b53c	#7c554f	#ad2623	#bb5b22	#5a131f	#c49fab	#3a182d	#cc6d22	#75233b	#d4b9a3	#e59d2f	#3e1317	#724468	#a4421d	#843e28	#a37f9a	#986d51	#4ec98a	#92b852
monet2	25	#7e4229	#57141d	#6f1931	#c08c5c	#bc5722	#aa2228	#922835	#c88b31	#41111b	#79416a	#b6722d	#cdbda7	#938a6d	#c69fa4	#6b5854	#e09d37	#887775	#553525	#7e161f	#260f16	#c66d25	#8b6779	#9f4026	#cd1e73	#f54c57
monet2	25	#713f6e	#4e363c	#53312b	#ceb5a3	#e7b841	#d4882c	#73213a	#5f1716	#c299a2	#ca8e2e	#c46f2c	#6d2b4e	#7d5d50	#864954	#b58a81	#8c647c	#3b1a2e	#be915a	#836f97	#a0441d	#8e886f	#201414	#e49d2f	#a45416	#df88d1
monet2	25	#3f0e17	#a48197	#827d7d	#60234f	#522e3f	#7b4c6e	#922c3a	#c97223	#5f151b	#6c2948	#b78b85	#522e2c	#987152	#ceb7a4	#7d121c	#a6212a	#d7842e	#906a77	#c0893e	#a43f21	#c29da7	#d08837	#826c8d	#f24d54	#e68ef9
monet2	25	#c56e2a	#c19261	#71324e	#70203a	#982634	#7e6a7c	#824354	#d4bcaa	#9e694d	#d68129	#a4202d	#c25822	#5a1919	#a25a22	#9a6331	#b27231	#a47f9b	#36192e	#7f121a	#db9e39	#816c97	#7f4421	#857877	#9c79cf	#1e2ab9
monet2	25	#a4562b	#7f121d	#a68499	#542d29	#533244	#8e6679	#37132c	#a33f24	#a4262b	#95692d	#cc8b35	#c78f5a	#79637e	#40161c	#bd893c	#dfa136	#7d4225	#cfbca3	#887575	#753248	#771a37	#d18631	#eeb839	#6ff666	#2ee31e
monet2	25	#591917	#592351	#b87a2f	#9b6331	#942c35	#761c33	#401619	#3a1927	#c2915f	#a18398	#75486f	#d4892f	#cc7127	#cf8730	#cc9da2	#533225	#805e4a	#a03f25	#d5bda5	#aa202a	#854427	#ba9042	#996e53	#7913cf	#76a4ff
monet2	25	#7b4d69	#968777	#9b714a	#e09936	#a28197	#c09140	#3e0f14	#cd7029	#62274e	#6e2e48	#761f34	#b4712c	#a35e2b	#c59bac	#a03e27	#96253c	#50323b	#756981	#eab53d	#592c2d	#cfbaa9	#856a8f	#5b1319	#891146	#bc2438
monet2	25	#9d7053	#3b0e16	#b48a84	#844028	#ccb8a8	#5e171f	#bf581f	#503242	#e2a134	#a9242d	#83574e	#6e1c33	#593025	#908672	#c88831	#92617b	#814851	#9c4223	#a47fa0	#847674	#7b4f71	#1d0a11	#c19062	#2fdb1f	#b62819
photo_epsos	25	#526568	#59594f	#e2c2ab	#34601d	#3b1d18	#787778	#63422d	#a7aca1	#819699	#efe3e1	#8a8565	#e7bdd1	#93db5b	#f13f4a	#b89343	#ed67af	#b52171	#dfb181	#952422	#601f13	#8e4549	#78d03b	#ce5992	#17e68b	#658e50
photo_epsos	25	#db7708	#ea6e62	#966846	#60a027	#1a1d1d	#35591f	#e7d629	#641d15	#ca5a8a	#7e7e71	#5b6b6d	#5b4630	#ec3d7f	#b29442	#edbecb	#e1b07e	#af226c	#9e5922	#f43e41	#3b3c3f	#7394b1	#323f73	#e8e6e2	#7106b3	#60c200
photo_epsos	25	#d57704	#191616	#ee4149	#ebbac7	#97d858	#8e8164	#526368	#3e1e19	#e6b27e	#921d23	#efe5e0	#63241c	#c02340	#72d832	#5d482c	#9d551f	#b22370	#e9222a	#386124	#ebd32a	#b49347	#b1a4a5	#96683f	#03c79e	#3b8d60
photo_epsos	25	#633f32	#5a616a	#e83c79	#9d5a23	#a9a59e	#3d4136	#9adb5b	#eac1d1	#5f5e4d	#b0236c	#b69645	#bf957c	#966a47	#917f63	#343e6b	#411b1b	#e51f2a	#7793b0	#cc5a8c	#dfc6ac	#3d5e1d	#d5760e	#d88aae	#7fc8c9	#17c645
photo_epsos	25	#e1409c	#829397	#eb2323	#77d336	#e96f66	#936d45	#cd5b92	#313d6c	#884443	#526869	#ecda2d	#375823	#5e1b14	#e2ab83	#96201a	#1c171a	#e4bdcc	#7b8178	#faa501	#9f571c	#b72173	#abaca0	#5d472d	#df5053	#b3904c
photo_epsos	25	#72cf36	#bd1c3f	#bf8e75	#88454b	#95de5f	#211718	#8b7f67	#d87704	#956743	#e2c1a2	#363d72	#ef68ae	#422314	#a8a4a5	#385d1d	#f54344	#353f3b	#d15d93	#5e1c13	#9c5524	#eb6b5f	#546570	#d68bad	#4b99d0	#13354b
photo_epsos	25	#e37266	#5b4828	#38621b	#e0b182	#db3d93	#906640	#7b7976	#b2296e	#e7bbc7	#f0e4e3	#901e24	#53676e	#d2760e	#78cf37	#a3551b	#874048	#c38e7c	#d387ad	#a9a4a3	#91dd5a	#619725	#bd1a3f	#5c564d	#964fc7	#0aa142
photo_epsos	25	#631c18	#ba1d41	#629b21	#b49543	#e76e66	#d08fb0	#8b8662	#f14343	#76d134	#3e5c24	#a65723	#797775	#546672	#952122	#f03e80	#87464d	#bc8f75	#614328	#97d85f	#e22124	#e9ebe0	#35403c	#343f72	#f4e923	#c8c0dc
photo_epsos	25	#5e4630	#5c991d	#e4ac7b	#91e05e	#931e1b	#e6d02a	#df3c99	#d88baf	#556a6a	#441b1c	#bb9576	#edc2cb	#585652	#ed61b0	#f54648	#a05924	#f1ac03	#74ce35	#1a171c	#e87360	#b99741	#b3286b	#bd1f43	#a1c65a	#cf2ff1
photo_epsos	25	#9ae158	#b49044	#181713	#9c5620	#758fb1	#88434a	#303a72	#809495	#5b3f2c	#b5216c	#e87169	#ebd228	#373737	#d08ba8	#b1aca6	#f1a400	#d97909	#936d3d	#931a1d	#e3bbc8	#bb9475	#dfbda2	#edeae2	#b1c886	#ec035b
macke2	25	#d5936d	#6664b3	#dc9693	#32362a	#807e8c	#ae5c5d	#4f5783	#d87588	#322455	#3d4597	#dfb397	#604c32	#817131	#4a512e	#e7b575	#eddbc7	#ca823b	#875f62	#242b84	#882f55	#8277b5	#79858b	#f8dda6	#091843	#76010a
macke2	25	#ad3426	#80692f	#9a9530	#895b60	#2b342c	#7b362e	#ed8d2e	#aa7762	#505a7e	#af8684	#4c2426	#2f2d52	#241718	#414c95	#f1b675	#a25a27	#852d4e	#ddb79a	#ebddc5	#213483	#939eb3	#b75f5d	#4b5330	#48da1b	#f9f5c4
macke2	25	#26181f	#565c7c	#575255	#9e8d3a	#2f2552	#855762	#f6cd48	#3f4396	#edb474	#a88782	#857d8d	#7b6837	#f5da7d	#cdbbb3	#5c462d	#7c322e	#b15d5e	#79878a	#dc9f92	#2d312e	#e8d8cd	#435534	#6760b1	#1b5df3	#ec8888
macke2	25	#d7718d	#2a3384	#f3902b	#c27e3e	#7d8086	#e7e0c9	#e1692b	#31312f	#665faa	#535383	#445536	#734230	#f1b479	#3a4598	#9ca6b2	#512723	#f3e07b	#b23124	#d5976b	#a9775f	#a49034	#1e1a1a	#9a5630	#9a66a0	#fd9ac1
macke2	25	#94a8b7	#1d1a22	#4a5035	#f9e0a0	#4b2a25	#f6c647	#6068ad	#cab9b6	#ad4466	#817793	#f5d97f	#802e2e	#e6b996	#51537d	#cf926a	#404d9b	#dc9f9a	#a09538	#253488	#c18341	#796c35	#e8b973	#5b4e2e	#2af101	#80a043
macke2	25	#ad7764	#7f3628	#e0ba9e	#b23b28	#525784	#2a3625	#532429	#d8682b	#b03e65	#ad838c	#495a2e	#3c4899	#201d1d	#f08e31	#c2873a	#f8d979	#7b7136	#d57184	#999eb7	#4f5158	#7a8489	#e7ba74	#253484	#bd8a15	#6e05a8
macke2	25	#778786	#e2b396	#303325	#45582f	#7f2f4f	#786b33	#ad8285	#241f20	#332954	#ede0c3	#532523	#c7b4b3	#ebb672	#d97489	#614b31	#af3726	#9b592a	#885d60	#78452a	#6867ab	#f5dc79	#9da4b6	#a97565	#a23c84	#6f71b8
macke2	25	#99a6b5	#fcc84d	#cf6d83	#f2de7c	#7e6c36	#b1725c	#21201d	#edb778	#4f4958	#b86258	#a29538	#f2942d	#52547b	#7e322f	#7d8383	#d7692a	#ac485c	#6566ac	#f1daa0	#c38444	#b33123	#823455	#444b96	#4bf720	#b5cd97
macke2	25	#c6b4b8	#50515e	#f3dc7f	#aa888a	#522725	#f5c648	#efdaca	#76838c	#80615e	#99a8b8	#e5b099	#e9b671	#1d1920	#9d8d30	#d58f6b	#e19599	#2d3628	#352457	#f4dfa0	#ad4461	#2a2d86	#5e4935	#d27084	#690d8f	#a6e5fb
macke2	25	#d4718b	#ccb8ba	#823455	#e0b99d	#f3dea0	#28312e	#283389	#c6843a	#ac312b	#d76c2d	#ecb474	#f9cf4b	#80352f	#ae415f	#1c2021	#2b2c5a	#d68e70	#8776ba	#ae5c58	#aa8286	#7e8487	#414895	#b0785f	#28554d	#a86c4d
photo_ssdginteriors	25	#684517	#675c16	#faefda	#1e1709	#f2eebf	#9d9270	#6c3912	#862006	#511c05	#302718	#e4a167	#95723d	#edf2a2	#552e13	#d1d16d	#412f11	#e5cc98	#7c7655	#4a4129	#463d18	#b58c5d	#e4bb84	#625a41	#bc9d36	#d156fe
photo_ssdginteriors	25	#907f3d	#675c3f	#a35e2d	#bc7e53	#cdc1a1	#3e2910	#de9c62	#7e7154	#4d3d12	#e1ce9c	#624415	#682208	#f7e9a0	#735135	#331c07	#832609	#7a6437	#e4bf84	#f8e5c0	#bab361	#663c13	#564327	#a28e6f	#b96a5d	#18890a
photo_ssdginteriors	25	#6d3c14	#baaa7a	#f4edc0	#cea268	#473c1a	#b08a5c	#eeeea8	#8c862d	#cfbda2	#7d673f	#b5b15f	#543416	#42392a	#63571b	#997e53	#e5cd98	#63461e	#28271e	#2a1d0f	#604128	#1b1309	#76593a	#7c2709	#fe0ec8	#e403bb
photo_ssdginteriors	25	#a29577	#463a2d	#832407	#f5efbd	#ddc085	#8f7f3b	#b98450	#665a41	#422004	#4f3c14	#181408	#f2eca8	#805928	#683c1a	#e2d0a1	#b7ab69	#593f27	#d3a76a	#a15c29	#7d633e	#571d06	#9d6e3b	#3a270f	#b58255	#883492
photo_ssdginteriors	25	#fcf2e1	#a4622a	#68543c	#4e3311	#a69176	#421903	#dba368	#9b815c	#bb7e4e	#f5eebb	#414127	#a0260e	#33170c	#683b19	#69260e	#645815	#f4f1a9	#4c3e11	#b08e58	#8c8327	#765237	#511b07	#2d281a	#0103bf	#2a1c99
photo_ssdginteriors	25	#e4c998	#493d28	#b5ad69	#f3f3a8	#372d10	#7d683e	#61533c	#cca86b	#171809	#463715	#b39056	#f7eee1	#441d05	#66361a	#9e250b	#8b863b	#62491b	#91872f	#a55b2b	#2e1e0f	#daa263	#a79277	#845829	#cd3d50	#e611e1
photo_ssdginteriors	25	#5f4722	#a68f77	#815928	#a85d29	#43402b	#d1d866	#f6f5e1	#f0eda8	#cbbc9c	#6b200c	#785133	#827554	#2f2b1d	#9d6d45	#483712	#552c15	#e4cf9c	#a12309	#da9e66	#663c1c	#ba804c	#1a1404	#86210b	#344e92	#bf356b
photo_ssdginteriors	25	#cab99e	#4b3c12	#e2ce9d	#625b1f	#bea47c	#b49158	#91863c	#837251	#84582f	#fbe6c3	#615741	#d1d06e	#16110b	#703719	#654917	#95835b	#2b1a0a	#a19273	#b4b461	#5d402b	#dca461	#f5efa5	#3e1e06	#08ffc8	#018bbe
photo_ssdginteriors	25	#464127	#b8aa7b	#341508	#7c5235	#7c2107	#938044	#d3d66d	#563010	#5c4624	#f7f1d9	#7c6e56	#888325	#6d3d15	#f7eea0	#ce9f68	#3c1b0b	#e4cb97	#97815b	#83673b	#956c3c	#1f1405	#7e532f	#a55927	#1ef6a5	#433124
photo_ssdginteriors	25	#2a2919	#ddc99a	#644917	#eeeaa6	#d3a068	#bb8755	#1d1504	#d8cf69	#e09d65	#55330f	#a15b2c	#443f2a	#5b4826	#6b5b40	#885627	#9d8459	#816c38	#9e6d40	#6f4019	#7d7653	#3a2711	#fdf1e0	#8f8c2e	#6f22d9	#e0ab22
photo_krikit	25	#b0b052	#7f8722	#3657ce	#897050	#4774da	#656b5c	#7a8a8d	#5e0d12	#968121	#8f0b13	#27265b	#bbc11a	#6593e4	#2a2d8a	#473f2e	#b8cef2	#1c1010	#49301b	#381717	#8686b4	#b6bd90	#a3a720	#272132	#63e8bb	#29c0ef
photo_krikit	25	#cb7a33	#84ade9	#282e5f	#3960aa	#3753cd	#4a3019	#7f8a74	#758891	#724821	#88744e	#2c2c8c	#a4b3b8	#b5c7f1	#808824	#83a1bd	#b9c420	#e3eef2	#8384b2	#1d1818	#b5b14f	#5d5d2f	#6b6a1c	#4e74da	#b7fb81	#50e1d6
photo_krikit	25	#425ba7	#c37737	#4977d8	#828a71	#7e88b5	#a4a21d	#daecf4	#6c6916	#bcc090	#221c37	#698de2	#8ab1e8	#7f8226	#385dcf	#9a841e	#aeb950	#221817	#596431	#1233b7	#473d2a	#22338d	#4e311b	#8f9350	#922778	#584f84
photo_krikit	25	#89acec	#9da023	#c27d3a	#abb0b2	#6d6319	#4b3014	#4574d8	#db2318	#8d8f55	#2a2d86	#6491e7	#dee6ec	#724c1b	#5b77b7	#424131	#b5b856	#8386b7	#8b6f48	#465985	#bebc8a	#3559cb	#162bb5	#b9c61e	#fa7fb5	#3454e4
photo_krikit	25	#c57339	#3559c7	#640e16	#535a33	#2b2d8d	#8383ad	#596e85	#797f26	#696a16	#dceeee	#847749	#8dace9	#b9cef3	#628fe0	#7f9cbf	#3f5fa4	#5c7ab2	#dd1c10	#980913	#9c8423	#454c54	#232d60	#b7b759	#3919c4	#f316e7
photo_krikit	25	#898b52	#b4cef0	#1f2338	#22368b	#4c525c	#8b734f	#7b881f	#971017	#1330b1	#d92615	#365cc9	#68641f	#415a84	#636a60	#8199bb	#c47938	#7e8f70	#4f79de	#545c2e	#a4a21b	#84b1e5	#3e58a3	#381715	#0f5368	#6cb53c
photo_krikit	25	#d92617	#4262a5	#b1b755	#bdbe1a	#361214	#6d611d	#57687f	#1433b1	#5a6234	#c37b35	#8bb1eb	#b7cbf0	#8e8b4b	#88744f	#477ad8	#523215	#a6b4b1	#445183	#190f16	#7a828e	#5f6a5a	#808977	#958022	#60bb3d	#c0f12b
photo_krikit	25	#b7c7ef	#b9c023	#6e6a1e	#8288b6	#6b4d21	#b5b955	#beba8b	#404234	#485283	#9fa41b	#778a87	#2c3688	#86abec	#84916d	#8e0910	#3657c9	#c27d30	#646b5c	#dbeaf5	#a8b5b3	#3d62a7	#536d86	#122fb4	#143648	#d68807
photo_krikit	25	#5d6230	#7b9eba	#b1ceea	#242430	#7b8420	#d72410	#434f54	#600714	#1e1913	#3e5487	#4b7ad9	#babb87	#5f77ae	#3f4433	#7e88ae	#b8b759	#3e1414	#3e5fa4	#82704f	#a5b5b1	#522a1d	#6191e0	#a0a824	#900c91	#93ff51
photo_krikit	25	#b3c7f3	#7e8a70	#4d72db	#abadb5	#3f5da5	#292e5f	#577bae	#22368c	#b9bd1a	#82764c	#494a59	#191717	#5e6c59	#7a8123	#c77430	#bebc88	#482f14	#628de2	#8e1014	#b4b154	#5f0816	#6b641b	#48402f	#eb20c1	#685471
monet3	25	#6a7f88	#3c6761	#2b6b55	#906a49	#6a6956	#ece1c6	#9d816a	#be9b3c	#695861	#502820	#293f1f	#bb7a6e	#4a7e96	#e0dfe0	#89923f	#547442	#e1d1a6	#a39794	#af6347	#5e4e27	#b74c47	#beac5f	#bbc2a8	#4dfb9e	#214385
monet3	25	#67808c	#1d1415	#b26744	#8ca5a3	#b54c4e	#8b9242	#afc4c9	#244e51	#d6b187	#d1a58f	#8c6443	#a9894d	#a89273	#8c5248	#2c6d4b	#dfdcdd	#babab1	#9c796d	#265828	#363051	#c27b6d	#be8e6e	#c3ab58	#ba4a49	#f8efd7
monet3	25	#a29272	#778367	#e1cfa3	#b87e46	#2a6a55	#bd8768	#1e1815	#b64b4e	#58703e	#a86b46	#284858	#447f97	#aa988e	#5f4e21	#926647	#9f7971	#b8c2ab	#dce6e1	#acc0ca	#8b8941	#552027	#295d22	#d8b088	#a80a85	#35ace8
monet3	25	#343350	#d09d94	#706534	#234e57	#6c8588	#2d6b4c	#e0cba6	#858e44	#be8046	#cea885	#5b7539	#8aa59b	#1c1510	#70665b	#5b4b26	#c5af5c	#8a4f4e	#be993c	#ddb8ad	#645a63	#ede2ce	#ab6844	#255a2b	#fc614c	#24fa29
monet3	25	#5b4d1d	#20515b	#c1786b	#bc4f4e	#7a9bb2	#a78b4e	#2b6f50	#a4986d	#2f5829	#b6bfaa	#906947	#6a555f	#417b9a	#c1aa57	#273a1d	#542121	#1a1518	#898f45	#353658	#cba594	#9f7b6f	#abbfc2	#69828b	#f87e6a	#66f1bf
monet3	25	#8b8b3f	#695567	#bf973c	#b6c1af	#835049	#ba7e46	#b06b46	#d4a883	#6f8566	#644927	#bb896f	#265c23	#89a6a5	#ab9c93	#c4746d	#e9e9cf	#678089	#d7beaf	#597242	#4e2128	#d3a296	#e4ceab	#bc4c49	#dc1642	#e1c5a2
monet3	25	#a2956f	#bb7e41	#abc1ca	#2d5b28	#916d43	#3e6661	#874d48	#a29993	#cca58e	#2b3d18	#8ca5a2	#624d25	#7a9caf	#9b7b6a	#c2ae60	#487d9d	#b06546	#bc7d6e	#4c2323	#3a3355	#5a7a41	#b7524f	#708265	#08f658	#835846
monet3	25	#be746f	#57733e	#ddb8a8	#809fb4	#6d828e	#a59375	#316d50	#406b62	#bc4c4c	#e2dcdd	#dcd0a4	#c09b3f	#e8e2ce	#a17969	#726638	#6d6857	#b88c6c	#8b4c4a	#b1c4c9	#655e62	#886943	#ac6a45	#bda95d	#a93a55	#d9444d
monet3	25	#c29b3a	#2b3a22	#698889	#224851	#b4bdc4	#6a5867	#e2d1a4	#8b8a3f	#90a5a4	#dcb8ad	#323853	#bd8141	#6d6b55	#b6baa9	#a89994	#c18f66	#537038	#d3b281	#542722	#d1a293	#ba7d69	#a58a52	#a49a6d	#ffed4c	#2be01e
monet3	25	#6b685c	#aa9874	#2c371f	#716838	#a29690	#265d24	#323752	#9c7d6f	#bb854a	#a96a49	#c2a85e	#625664	#cd9e96	#6b8888	#aebcc2	#916645	#c19638	#8a8c46	#296b4b	#d4bfa9	#e1d4a2	#92a69e	#aa8e4a	#c4f443	#b6397a
seurat4	25	#969e71	#8c7451	#7c7e67	#c5c178	#ddc434	#8388aa	#a9a653	#5d5874	#8c766a	#747b8b	#676655	#9a6c3f	#88875e	#c8af2d	#9d5d69	#c6b955	#878c8f	#ad9880	#735442	#bfc09d	#673f54	#aaaaab	#a69f3c	#530711	#0df60c
seurat4	25	#926837	#a65e67	#7f7b6d	#748157	#683f55	#c2a169	#aeabaa	#5e5974	#c29e42	#5b5759	#666b6c	#cdb856	#8e98ae	#6d7a85	#8b6e56	#a79c35	#6c7697	#92895b	#9ca571	#8a708e	#767841	#bfc0a5	#8b4455	#e5249b	#62acd4
seurat4	25	#bf983e	#554b48	#707187	#aba535	#c2bda5	#5a5b70	#6a6850	#73719c	#90815f	#6c4555	#62736e	#dcc536	#8f6f4f	#8c8037	#c9ba77	#757e48	#8f4152	#715744	#a05767	#8d9b88	#7c7e6a	#919dad	#93985d	#01225b	#6c30b6
seurat4	25	#94643a	#c29d3c	#a7a34f	#686953	#555986	#77856b	#626f73	#8e9c5a	#63663a	#cba536	#706f9c	#908f90	#e0c43c	#aea7aa	#71583f	#c2c19f	#cbbc5c	#afa03a	#867272	#575870	#897153	#8f9781	#ad9e77	#e0f54b	#3fabcf
seurat4	25	#55608b	#8f4555	#cbbd59	#aba8a7	#a0a650	#c6ba9f	#5f6539	#6c7787	#7b7c41	#97a179	#dac838	#826f6f	#939ba7	#899393	#686753	#666d71	#8b8563	#828aa4	#5b5f76	#88754d	#877186	#b0977e	#778569	#5afb02	#590927
seurat4	25	#aba033	#7f7e6c	#929d62	#646955	#c9b77f	#b2aca8	#8b7251	#6a779e	#727d57	#8f454c	#8c9e84	#986841	#889191	#cbbc5a	#dcc83e	#886e88	#8a7a38	#5b5879	#7a7a49	#757a83	#ad967a	#6a4851	#636e70	#404e3e	#9a335a
seurat4	25	#c5b942	#8c9d7e	#757e42	#a35568	#c2bea4	#858030	#959baa	#6a3e52	#b8a16a	#6c6f9d	#7d7b69	#636e6d	#c09e3b	#976a3a	#ae997f	#54618a	#86718d	#71728a	#8f6d57	#555148	#cab856	#94a17a	#6a6d50	#592d7b	#be0172
seurat4	25	#c7bca1	#554f48	#6a749d	#90683b	#98975f	#897089	#afaba3	#70573a	#aaa435	#898e91	#c29f3f	#c8b93d	#898a5a	#5d5770	#674352	#565789	#666438	#c7bf57	#bd9d67	#64736e	#9196a6	#b79d77	#7b7948	#3eeee5	#1cd221
seurat4	25	#896d8b	#cdbd55	#636d72	#a15f67	#7e8167	#8283a3	#909a5a	#9a6e40	#524e41	#8c825c	#707288	#6c4454	#575a59	#847473	#adafa4	#91444e	#c7be3b	#a1a655	#5a567a	#64643c	#c2bf7b	#c6bca4	#cea931	#08b702	#811e6f
seurat4	25	#90663a	#85736f	#7c7f6e	#6b6c74	#717496	#575676	#886f8f	#57515e	#8da082	#856d52	#959b58	#96a275	#dacb3b	#908c92	#cca535	#7d7c49	#8d8438	#b1b1a4	#c6bc9e	#8484a2	#a4a34b	#8a8559	#be9c63	#d6d3b7	#44e31b
photo_paul_bica	25	#a24cb1	#2e1918	#6e4725	#e6b5ae	#dec436	#9a5722	#363641	#f3ad70	#6f2c0d	#754e49	#002296	#c73b00	#db782a	#5a250f	#4f656c	#9a892f	#f2a73e	#ab8a9e	#584d55	#712867	#545042	#4d7291	#1a120f	#5534a8	#2e81c5
photo_paul_bica	25	#5a290f	#4e84ca	#a9745c	#32436e	#78290d	#da7926	#36333d	#f5a943	#f3a96e	#75554b	#a4859b	#e7b0a7	#e0c436	#4c3436	#3d1817	#101447	#161510	#fbe9c6	#985a21	#56321e	#38141f	#031e8f	#963904	#31c4f5	#e56efa
photo_paul_bica	25	#aa745b	#eab5af	#31323c	#a447aa	#a05320	#2c354f	#702963	#73601d	#9b3107	#eea86a	#3c220e	#1a132e	#545880	#f8a33b	#53220b	#722d0b	#364278	#433732	#042197	#c53e02	#2b1f18	#4e4624	#e0c634	#91af4d	#76fdbd
photo_paul_bica	25	#312e3a	#fca43b	#56260d	#76631c	#52391e	#423230	#2c3551	#fbebc7	#1b1014	#031b65	#2b1616	#515f7e	#361718	#f1ac6b	#e5c735	#514821	#a9839d	#5a4751	#9d350a	#a36b5f	#985823	#e5b6a8	#33446e	#e069e9	#821ab1
photo_paul_bica	25	#c24101	#f5e8c9	#a442af	#a58b99	#3c1818	#f0ab72	#78280d	#2f3d75	#d4782d	#517294	#2e333a	#f4a541	#44332c	#6b461e	#bd62aa	#505780	#692a65	#543821	#993805	#535d67	#032690	#ebb1aa	#554d57	#b718ae	#c57f7a
photo_paul_bica	25	#0d1744	#eab0ab	#a442b1	#4789cc	#71564e	#4d4c3f	#ffe7c1	#a08530	#52471f	#993a08	#2b3156	#e5c538	#d17a2c	#2c1712	#53290e	#2e3137	#4d646d	#a9849c	#1b1230	#f4a041	#71431e	#73601f	#4b3a2c	#4e97bd	#617500
photo_paul_bica	25	#6f4f47	#534556	#535d77	#564b3e	#344577	#527393	#a56d62	#702c0f	#fce5c3	#dcc437	#1d1017	#453a2f	#e8b2ac	#04186a	#a25320	#a045b2	#9c8c2b	#6b2c67	#be62a6	#743f1d	#18162c	#9f390b	#a9839b	#8f5716	#3ddef5
photo_paul_bica	25	#001263	#bc67a2	#131749	#ab8a96	#4b3636	#a18e2f	#73544d	#52718d	#2e3538	#eea76e	#062490	#74631f	#2f4177	#554f45	#5c2810	#73260d	#534c53	#9d3b0b	#faa243	#565a7c	#c23700	#e3b0ac	#3e1422	#8983e6	#9bae26
photo_paul_bica	25	#2f3054	#53351e	#704524	#281b15	#4f567e	#39121e	#4f5f66	#eea969	#57280f	#374671	#995823	#9d45af	#1b0f12	#564426	#9a882a	#f9ecc9	#05136c	#052790	#4e8bc6	#b761a7	#3e1c15	#111a27	#aa725f	#4ff88b	#36de79
photo_paul_bica	25	#4788cc	#bf67a7	#401e12	#9f5525	#3b1418	#334478	#13152f	#c63a00	#71601c	#181717	#543620	#a68496	#4a6068	#ebb0af	#4d7293	#2e304d	#592113	#6c4721	#534c20	#9e3b0b	#0b1749	#d1702d	#faa03a	#1557c6	#9301e1
photo_sudeep1106	25	#feef1e	#f4693b	#fe8853	#701505	#9a1607	#fd883b	#ffa74e	#79300e	#f88d18	#f7ab79	#f95017	#3b2608	#f02c09	#f57312	#a65000	#ffc25e	#f5c824	#0d270e	#542802	#d2550a	#bc2003	#f7ce85	#310e05	#a95561	#0223fd
photo_sudeep1106	25	#3a0f01	#a25106	#572704	#753715	#f5c127	#fb8839	#f9a51d	#f8f524	#fd9e48	#f34b15	#bd1d09	#a46b00	#0f2a15	#f8d822	#cc710d	#f72906	#b4653e	#140f00	#761000	#521100	#f88a56	#8d3012	#382e0f	#c18cfb	#15f761
photo_sudeep1106	25	#f8873e	#321500	#0f0f00	#b4210a	#fcad13	#f6cc81	#fb6519	#ffa847	#f88b5a	#6d1505	#9b1205	#f7eb61	#ae3814	#d92300	#6e480d	#552706	#fec625	#b16444	#fbfecd	#f9d721	#f7f723	#ef330b	#cc7706	#c48d3e	#31dbc7
photo_sudeep1106	25	#741500	#d93811	#d15903	#f96513	#faf224	#372b0a	#fd6935	#181800	#a54e00	#714614	#faf8d1	#fbf08b	#981900	#ce7208	#4e1000	#d42201	#f8e758	#f88f53	#8c360b	#f68b1c	#fea647	#f7853c	#f9c01f	#4b4170	#3ba61d
photo_sudeep1106	25	#f03108	#fa8b52	#a75405	#f8c45e	#b71e0c	#f8a445	#f27515	#fde126	#fb8737	#fff7ce	#ce720c	#971502	#cf5104	#701104	#b46b45	#dd370f	#79390f	#0f1800	#da2404	#684917	#fef825	#b7380c	#fee78e	#44bacb	#22a8eb
photo_sudeep1106	25	#ffc862	#f9ab7d	#74350d	#fe9157	#b66a47	#b73413	#b52504	#f27914	#f52908	#f5a81a	#fff18b	#9b1207	#512802	#341304	#ff8738	#fca544	#f54b17	#fb8d1a	#fff420	#fafecf	#d73916	#ce5106	#8d340e	#444224	#4ee77e
photo_sudeep1106	25	#f9aa1c	#3b290c	#f7330a	#ffe85d	#13270f	#f9c824	#341500	#741500	#684a0d	#fdf8d1	#fc6111	#971502	#f6c67f	#b03910	#ffb37a	#f78b53	#96330f	#b68f00	#131801	#b32507	#ffeb92	#500d05	#f7f220	#db5fbd	#9637b5
photo_sudeep1106	25	#ffc961	#171000	#38270d	#96320b	#721101	#d32201	#fbcb82	#793a15	#f27d11	#fff08f	#b28c00	#fea914	#0f2b0d	#d63810	#d24f0c	#b13c0d	#b51b0c	#f7a644	#f4c120	#ffdd23	#f78f5b	#a27007	#381200	#7571be	#3f8e73
photo_sudeep1106	25	#ffae7d	#f9c123	#a56d00	#9a1508	#b56742	#fdf8d1	#fae78e	#b13710	#f7e01e	#f6e85c	#f96417	#112e0b	#6d420e	#f68b13	#ff873b	#b98600	#f96a35	#f73107	#d55904	#7d3213	#fc511b	#fcd087	#761405	#46e37f	#13617c
photo_sudeep1106	25	#4c0e05	#fb5f14	#d45105	#f22f0e	#ca7b0d	#181800	#f9c125	#572800	#a45000	#78390b	#f8eb90	#bc1e07	#fba148	#6c4910	#9a1a02	#ae3e10	#fc9156	#371600	#fa9416	#b56c47	#8e330f	#d22505	#f17d10	#11b816	#ed5e70
macke4	25	#e1a774	#55676d	#b55e81	#e9dc5d	#684636	#867b9a	#66222f	#3f2229	#6c2d5f	#b8be2f	#d35068	#837437	#192b8c	#e6ac42	#bb7f93	#485a91	#f9d63d	#d33f40	#5880a8	#f02e35	#dbd899	#83a4af	#ce7864	#8cd22f	#57cbc7
macke4	25	#e2d681	#da3a39	#272f46	#222e8b	#ed3434	#3d212e	#dea36a	#a1c493	#d55469	#8baf3b	#9f3238	#e85a32	#f5da35	#dada9c	#a8cbc8	#662531	#8c7798	#ead965	#614b38	#b2c02c	#3c5d33	#e3ac43	#d57667	#c55b59	#ccfeea
macke4	25	#66242f	#1c318d	#283b2c	#b4858d	#f2d935	#9e2f34	#3a2327	#202f6d	#bc5b7f	#e0ab71	#3b5931	#d5525f	#91a93b	#664b35	#d47265	#161c18	#887a97	#516173	#86a1b4	#dbdf85	#e7da64	#a8cc8c	#e1a843	#88fdc0	#a65a6f
macke4	25	#212b6e	#ba8992	#d45164	#181b1a	#f6342f	#89789c	#515e8f	#2b2f46	#614a34	#fad935	#5e8136	#d9383b	#e3a76f	#243d28	#f06131	#8e628f	#a2313a	#dedac1	#dce07f	#566270	#7a876f	#b9c62c	#212f8a	#dd9708	#d0f37a
macke4	25	#2f294f	#e4de83	#db5164	#5a77ad	#e5ac3b	#7a866d	#ea5a35	#2a4227	#f38b36	#a6cb8c	#f72e34	#f7df34	#bac62d	#232d8a	#67232a	#accbcf	#ddd1b7	#be5f81	#e0d89e	#638637	#6d365d	#21262b	#1f2f6e	#964fc4	#9bc402
macke4	25	#aaca94	#778c6b	#1d2f87	#d73d3f	#f05d2f	#56606c	#d27663	#8bad3a	#402124	#a9c3c9	#dc5564	#797337	#b6888f	#5477ae	#171f17	#867a95	#654532	#652b2a	#ddd39f	#9f3332	#966b90	#b7bf2e	#dea96a	#0bd499	#4efe72
macke4	25	#537cae	#4d5d93	#e85c32	#2b392c	#f03133	#e5a940	#dfd898	#282c4d	#69262b	#dbd981	#a9c8ca	#8b9bb3	#797335	#4d686e	#bf5e7f	#b9c42c	#6e2d60	#243071	#3a2326	#90a93c	#f6da3a	#d54c66	#d3393f	#42025d	#31ae95
macke4	25	#f33135	#5b79ae	#3e612e	#d35060	#b9c433	#f3db36	#55646a	#b78690	#3d202b	#243e27	#e3ab6d	#926b92	#505f8a	#ee8636	#7c7935	#abc1c6	#ce7263	#e7ab3e	#8c7897	#92a83a	#231e30	#a3cd91	#684e33	#57c624	#879856
macke4	25	#6d2a2d	#e6db5c	#a3c395	#664732	#889fb7	#bd808a	#1f3088	#282945	#ddad6f	#243070	#375d2e	#bac52e	#6a315f	#5e7e32	#d8d0be	#817734	#3c242e	#162517	#99353a	#2c3a26	#cd7267	#bd5879	#867a9b	#aea90c	#ca07da
macke4	25	#515794	#26382e	#a2cac8	#f33233	#8f6492	#b4898d	#3f5c2e	#d34c62	#f48835	#8f7e96	#b1c036	#688638	#dfa66d	#597fa7	#182017	#9a3439	#e4a23e	#d73d3f	#6e262d	#ded99f	#ce7266	#2b2546	#f3da3e	#80b022	#5acc8c
homer1	25	#483a2d	#9f6d51	#b2824e	#c27a4f	#e6b45c	#baa6ab	#915c41	#a1543d	#d8894f	#896052	#738ea8	#8e816f	#6a563d	#652021	#a49674	#864632	#eec688	#97332f	#762a26	#a98860	#ab6746	#daa36c	#27181a	#004769	#6235de
homer1	25	#e0915f	#ab543f	#4f3132	#c76133	#663a2a	#bf9f69	#e1c2a0	#a4845c	#9e7153	#7292ac	#ca7f62	#ad4123	#251019	#eece8b	#c16449	#96302f	#655143	#9c9a8b	#3b1418	#481f19	#e3a46f	#8d563c	#601e29	#44d80e	#899701
homer1	25	#49342b	#9e724f	#aa3f25	#eaa05b	#251016	#8c563d	#e2a971	#32141e	#87614e	#a78260	#a56c48	#1a0f0d	#c57f63	#c39d68	#86472e	#9c9b89	#8f392c	#7491ad	#bca5ae	#88704f	#9d8272	#bb6744	#edb45d	#39168f	#e7e2d7
homer1	25	#bda6a9	#602326	#f2c889	#782b26	#88938b	#261015	#11060c	#c26c3f	#887552	#e1a558	#aa9773	#c08365	#e7bd97	#663f27	#e9b25a	#6f93a9	#ad3b27	#ae8865	#7e3f2f	#67573e	#b97d50	#331917	#92302a	#ff46b5	#fbadab
homer1	25	#8e7050	#868c94	#1b0a13	#9e8171	#742629	#e8bc9d	#973126	#dea76e	#c46445	#ad9a76	#4e342e	#b78553	#f1cf86	#ae3e2c	#e99f56	#6d5641	#331617	#c09e69	#d68147	#5f1d23	#905d4c	#240f17	#a3998e	#6ad844	#af6c2e
homer1	25	#898c8a	#611f28	#121010	#664029	#8b8472	#ca5a39	#d0783c	#e8a056	#efc789	#7b2a26	#925f3e	#953228	#a38269	#e2bc98	#dba773	#a0a28c	#e8bb57	#a25938	#67523e	#8b7253	#c0744d	#beaaa8	#82432c	#e086e4	#36728d
homer1	25	#c79a67	#8a644e	#604030	#8e3526	#792828	#641e27	#b48250	#695343	#81938f	#c75a36	#877454	#aa9973	#a4998b	#130b0b	#dba473	#e9c09c	#d89361	#c2a4a7	#c77948	#a6503f	#a17351	#82442d	#25171a	#06391b	#e9df9d
homer1	25	#c59d6a	#b37f51	#a09f91	#a58963	#4d322c	#c67a45	#c06644	#8b876d	#4a1a22	#8a744f	#daa070	#a2724f	#a27f6a	#622622	#925d39	#260f1b	#d58648	#74252a	#c65a36	#efc886	#a15638	#8b5f4e	#c8875f	#df8e78	#ebd56f
homer1	25	#e4a35c	#89583b	#b9a9ae	#c07848	#bc6b44	#c5976c	#150a12	#d37041	#de935b	#a74323	#a66640	#5e1e1f	#89754d	#291213	#848d8d	#85896d	#b27f51	#e9b15e	#9a7d71	#c35b37	#718daa	#f3cd89	#463229	#2f6dd5	#01898b
homer1	25	#a73b28	#dc8e5f	#eccf89	#655340	#49201a	#869090	#e49c59	#38111a	#d5773d	#8b6c52	#c1764c	#a4876c	#a45336	#47322a	#231519	#742d24	#613b2a	#728eac	#e0a674	#dd8446	#e9baa0	#878072	#a29e92	#b6811d	#5d568f
photo_powi	25	#649cd7	#987763	#7195a3	#849741	#87a11a	#74658d	#384f05	#b97303	#4a7dc6	#534906	#815b10	#4074d2	#e8c617	#4a6810	#614692	#70afec	#3d210c	#f1f1e9	#d6d194	#c4c9bf	#a2c017	#698514	#b5c351	#158ecc	#977d0c
photo_powi	25	#967d5b	#b6c7e8	#534906	#4a6812	#99b8e6	#78afe7	#a7c220	#d1d691	#383d37	#38490a	#5f5d39	#708da5	#457fc3	#6098d1	#766287	#d6e1e9	#292c0e	#5f9cec	#5a4092	#6f801b	#e1a112	#171907	#7d8f7b	#2073f2	#ebc0b7
photo_powi	25	#987d5c	#17160b	#6094d7	#859544	#47230d	#6a6d0f	#4678bf	#5f3d8b	#6f6688	#718f9c	#633201	#50610e	#a09623	#a3c720	#fff11a	#e8c517	#df9d0e	#4176d0	#86a61e	#dce2e7	#808b79	#bdc2c1	#cece90	#a8d1c8	#a96db7
photo_powi	25	#945308	#987862	#6e618c	#4a620a	#5d95d6	#e5c515	#f9f01e	#879e14	#437fc1	#b9c354	#c6c7bf	#4172d1	#191108	#59478b	#6e8212	#9f981f	#97b9e5	#eaece5	#d3d9e7	#ac890a	#362643	#a7c519	#4e410a	#99b007	#2b2b14
photo_powi	25	#9ab3e9	#9d7c61	#698415	#b9c153	#33460d	#4a7abd	#23350b	#72b0e3	#70660b	#1c1808	#50610e	#38253c	#d4d9e9	#809c14	#b48911	#5c673a	#54470f	#925605	#d3d68f	#40473b	#613903	#db9f0a	#3f74c9	#07b945	#9bd274
photo_powi	25	#eec617	#4d460b	#447fc2	#d6e2e6	#726486	#9c7563	#92540f	#bec6b8	#5d4091	#e2a20c	#849077	#38463a	#f6f124	#3f1d0a	#5c653c	#6a8ca3	#191909	#3e70d2	#728414	#85a01a	#bb7908	#516a0a	#686d0f	#0a61ac	#91fe5a
photo_powi	25	#609bd9	#9b785c	#81907d	#5a5d37	#76a9e9	#44210b	#15130e	#85a419	#cdd499	#b3c958	#d99f0e	#457bc0	#6f6c14	#292b0b	#eaf4eb	#52400c	#b08510	#3f79c9	#59408e	#a6c518	#87994a	#52690e	#3d4434	#761c32	#6f04f3
photo_powi	25	#362d3c	#f2efe6	#623b07	#6d8916	#36490f	#5c4493	#6199d7	#3e71cf	#393f32	#b4c9e4	#98b4e9	#585e3e	#6696e8	#ffed1e	#8a9344	#9c7c5d	#89590d	#b5c958	#d8dfec	#292b0d	#e5c216	#6a8d9f	#7f957d	#4b7eee	#9e47d3
photo_powi	25	#5c6134	#bbc058	#384d07	#df9c10	#6c91a2	#9e9c1b	#554208	#73668c	#80610b	#693a01	#706c11	#cfd391	#ecf1e6	#bfc2c2	#4b7cbf	#6c8a1b	#4077d2	#f8f121	#d2dbe7	#634592	#88a21d	#ab8c13	#b4c3e9	#5dc1db	#5b5bef
photo_powi	25	#999b1a	#384234	#be7a08	#58663e	#4a670f	#4b7ac2	#c4bfbe	#1c180f	#462303	#aac21c	#6496d6	#bdc754	#db9b0f	#706512	#ac8b0c	#ecbd12	#b7c9e2	#ebeded	#613602	#3a4909	#d2d396	#6696ed	#94b2e1	#74ea19	#4e6f16
monet4	25	#846736	#aea5ac	#798b85	#999484	#557275	#526378	#5b89ad	#445d31	#797b93	#b4b8c5	#67656d	#262929	#bfb296	#6c7a63	#404651	#574d44	#5f613f	#d7c2b7	#d6c8d2	#466155	#a99865	#858436	#5a4144	#81b590	#4210a8
monet4	25	#3c3f4d	#597072	#404364	#888b4e	#939675	#bfad95	#95957f	#242630	#8e8883	#6d7c5e	#5d384c	#d6c3b2	#836732	#333c2c	#d1c5c9	#5f5148	#8293b3	#5e662e	#a4adca	#71646c	#757269	#3f5a37	#3d5452	#a7ca04	#bd4e49
monet4	25	#957b65	#405a37	#807e38	#684535	#8f9057	#b5aba2	#3a4b6c	#677946	#757e8e	#9a9fa9	#a79a67	#557177	#9eb2d0	#bfb392	#5e6c93	#939983	#62642a	#6e666c	#919673	#6e785c	#7b918b	#395251	#585346	#6685eb	#86404f
monet4	25	#394762	#406030	#928888	#707863	#69773f	#5e746d	#7b8390	#394d4b	#553d44	#8c7f66	#8c9357	#826937	#a89367	#212429	#beb28d	#5d6626	#495d79	#5e7395	#5e5b3c	#683f30	#8f9771	#b1aaac	#80804a	#484ade	#7659ac
monet4	25	#8c9257	#62672b	#605a3c	#6e686e	#ae9767	#9daccf	#657c3f	#8d7b62	#7f99b8	#cfc3b3	#b7a7ac	#653e30	#d5c8ce	#717068	#586a75	#939671	#919e83	#b6becd	#56514c	#636b9b	#31392c	#475937	#496370	#cc27ab	#829f0e
monet4	25	#9eabd0	#687a3f	#b0acaa	#646c9c	#868331	#c0ae91	#5c3c4d	#899057	#3c434f	#4a654d	#6b7b64	#798e89	#4e5f72	#949975	#64682a	#a89a60	#b8c0ca	#8299b3	#e6e2d1	#7a804c	#7c6834	#69442e	#76756a	#b1f5c9	#6a813e
monet4	25	#e5e3d2	#968a88	#24232b	#c5b18d	#4b5f52	#617746	#939e89	#828d83	#663d2e	#5886b5	#4e5b72	#3e5f37	#7b662e	#605d41	#60682d	#9caac9	#b3afa2	#70616a	#8694b9	#b6bcc7	#858e55	#cfc9b8	#6e7e5f	#013198	#5db330
monet4	25	#83672e	#b6aea5	#d8c4b3	#4e5a79	#3b4269	#797952	#848137	#2f3c28	#918383	#5e5b42	#d6cdca	#7f9183	#8a9255	#5e612a	#bfaf8f	#212a28	#9eaec8	#363e4f	#8496b4	#747364	#92996d	#5f404a	#ecdcd2	#46e1c2	#bb3e12
monet4	25	#757469	#e6e0d3	#8899ba	#848434	#3f4f4a	#959771	#ae9a62	#665f26	#596c70	#404162	#6f6672	#506172	#b4bdc9	#718194	#686f95	#d3c7af	#3e3f50	#665c38	#d2cbd2	#948286	#81804a	#b5a5a2	#a1abcd	#8109fe	#9c55cf
monet4	25	#737a5c	#cec9c9	#a4abd1	#e7dbd2	#673d2e	#313d2d	#6b6769	#8d944f	#656c96	#878436	#747a8f	#7f8f89	#7f6831	#2a2a26	#919aa4	#938082	#5e6042	#bdb7cb	#62773c	#ada8a8	#604d49	#556d72	#47674c	#434e7c	#53f0b9
photo_billyboysfotocolection	25	#8e7851	#408acf	#7d5936	#aacce4	#b1ada0	#74371a	#c1d9e9	#dadcdc	#bbab82	#bebed2	#3e6589	#31476c	#71b0dd	#3e4b69	#884718	#64a3e3	#824b25	#9db3cc	#535870	#a97022	#201b1a	#b67839	#683f2b	#745c07	#8a364c
photo_billyboysfotocolection	25	#959191	#426685	#9f5e2c	#9eb5d0	#b2af9b	#74381c	#937a59	#627792	#50626b	#825b3e	#355c83	#2a426a	#a9d2e6	#72b3e2	#5f4b37	#b7c0cc	#88431c	#572d1e	#63686b	#5da0d9	#7e909e	#4d91dc	#90beec	#d65c33	#376f59
photo_billyboysfotocolection	25	#a05321	#5f9de1	#57586f	#634933	#807d7b	#63442a	#966d40	#57301b	#8d7458	#5c7993	#b06724	#7f4d25	#75b0e0	#303d71	#988073	#1e1c18	#7788a4	#83603e	#723d1d	#d7e2e0	#40536d	#c1dfed	#bfc8d2	#412d5f	#60cb32
photo_billyboysfotocolection	25	#96743d	#979290	#e0e1e4	#947c74	#402d22	#23191d	#604e3b	#894020	#ad7f3e	#90bceb	#67646f	#815f3e	#c6d7ee	#ad6c29	#57606e	#305b80	#7c86a4	#abcdeb	#bba78a	#805321	#b8bfd3	#647295	#4d8fde	#992b03	#6081e6
photo_billyboysfotocolection	25	#979795	#84401b	#7a899f	#1f1f1c	#4e3021	#2e3d69	#6b6e6f	#743c1b	#5e9cd9	#abd1e8	#937553	#807c80	#60798e	#dbe1e2	#b7c1d0	#b1793e	#4087d0	#a96929	#98b4d1	#7f5b34	#5194d4	#74a9e6	#9c6432	#caaa1e	#227433
photo_billyboysfotocolection	25	#99b1d0	#656b71	#51626f	#284672	#a19885	#3e3124	#90c1e5	#956e3f	#5f7397	#6a381f	#634839	#572e1d	#b2aba3	#4e95d6	#dee5e6	#9e521e	#b17e3d	#ac6722	#a2652c	#bfd7ea	#8c7853	#864717	#4184d9	#35fc14	#80df23
photo_billyboysfotocolection	25	#634726	#221b17	#baa68b	#2b446e	#42648a	#ad6823	#7c5d35	#5da5da	#9a7144	#573118	#432c27	#8d4018	#9e9290	#325683	#74aedc	#424d6c	#4689d4	#5f7b9a	#656d71	#927e70	#dadcde	#97adc9	#723d18	#8eb1ba	#dca631
photo_billyboysfotocolection	25	#5f7894	#62749b	#284470	#644627	#71b2e2	#9b743b	#c0becd	#86837f	#dee4e2	#9eaec9	#5d9cde	#405270	#86431d	#a29383	#37547e	#241b14	#969297	#986034	#957953	#b2aea1	#5391db	#6c3a1c	#4289d2	#280ddf	#f48ca9
photo_billyboysfotocolection	25	#2d456c	#404b68	#ad6f29	#7e5422	#a3d2ec	#7d5e39	#4d97d4	#2f5582	#555a70	#758fa5	#5da0e0	#3d6587	#88c1e5	#949a91	#b1ada4	#956f3c	#a69086	#66788f	#9d5420	#d7dfdc	#432b21	#b37838	#bfc6d3	#5e251b	#2349f7
photo_billyboysfotocolection	25	#a99a88	#5d4434	#6c6e6a	#5b9de2	#748da6	#64788b	#abcfeb	#b47f3a	#958378	#6f3c1e	#825220	#9badca	#9c988d	#545b72	#8ac0ea	#54331a	#7d5b3c	#b2aca0	#b7aa84	#345a7c	#416682	#3a2f20	#508fd4	#f2a26a	#a82980
