photo_radiofreebarton	40	#9e2c2c	#5a1a1a	#655351	#3a1b18	#833427	#b48575	#c17458	#96553f	#683929	#e59979	#f1bba1	#3d3936	#1c1815	#5b5136	#afa379	#827952	#93975a	#979a8f	#20321c	#79ab76	#4b794a	#5a6362	#b3bcc5	#e6e7ec	#4f4867	#2a2539	#6f3460	#fd8dd5	#fd78ba	#fb5899	#dd3e67	#943f54	#642737	#88797c	#f98296	#862431	#f0adb4	#b23f4c	#d53e47	#aa6466
homer4	40	#d8d2d2	#bba9a9	#907878	#554545	#463434	#c69694	#b57b77	#a78482	#7b544f	#6c5a58	#d3aea8	#d1beba	#a55b42	#e8d0c6	#926756	#b38f79	#f1e4db	#f4f3f1	#3c3b39	#c6d1e3	#aebfdb	#e0e4ed	#959ab0	#afb2c1	#838294	#716d7c	#4b4551	#5e5663	#a5a0a7	#c2bdc3	#3d363e	#2e292d	#686266	#948b90	#7e757a	#524e4f	#684b4f	#ad9497	#9e7176	#836668
macke3	40	#cd423f	#eb4338	#883f36	#b95243	#ae7361	#e36437	#cea089	#bd6b43	#c6bfb9	#d79259	#ec903b	#684e35	#d4a249	#a3834a	#d1b77c	#7d8065	#747a3e	#496a3f	#42543e	#203129	#69726f	#3c756c	#364b50	#8b969c	#547088	#2f4159	#3a5987	#6a85b4	#4c6ab0	#3757ae	#1c2232	#283665	#151517	#804b75	#c17c8f	#856a71	#ae3e54	#402d31	#602b33	#bf9d9e
chikanobu3	40	#b22b25	#a2322e	#693a34	#d0452e	#924334	#b54b33	#b69b92	#c07355	#98664f	#dcb69f	#bd885c	#a88c65	#cba366	#625948	#e3ca94	#beab81	#7d6e4d	#46433c	#e4d6af	#e1c874	#bba96b	#999683	#96946b	#c3c4a2	#777961	#e8eadd	#2b2c27	#6a8b5e	#58795a	#6e9775	#4c6054	#547989	#32485f	#1a1b20	#302341	#342b3c	#574458	#cc606d	#d78086	#826e6f
seurat4	40	#87746e	#95693c	#72583f	#8a7152	#b29b7b	#564f45	#bd9e67	#bf9c40	#adaca8	#caaa31	#8d855e	#c5bc7b	#cabd57	#dbc639	#887f34	#c2bfa0	#c4b93d	#aba037	#a5a350	#61613b	#787b46	#93995d	#656853	#98a176	#7b806c	#73825b	#919b83	#8b8f8e	#67706f	#939aaa	#707686	#8188a5	#6e7399	#595c87	#5b5b75	#58555e	#866d8b	#674351	#a15a6c	#8e4050
photo_paul_bica	40	#72514c	#e6b4ab	#473531	#2d1b17	#a76f60	#3f1d13	#73290e	#c43c00	#57240f	#9b3608	#d67528	#9d5821	#704421	#513520	#f2ac6e	#f7a43e	#fae8c4	#524e43	#746021	#514723	#9e892c	#e0c633	#4f606a	#4f708f	#4a87c8	#324273	#042294	#001767	#2d3451	#545a7c	#0e1446	#16172c	#33313c	#9f47ad	#564855	#6e2968	#ba64a5	#a98899	#181214	#3a121d
photo_tanaka_juuyoh	40	#191313	#59514f	#7d3d21	#ac5a32	#532d1a	#e79355	#945f37	#72492b	#58412f	#36281d	#b67c4a	#817366	#a7815a	#7c6144	#cea36e	#a39685	#c0a886	#b4b1aa	#d4c8a0	#544f39	#d9e7cd	#6ba58d	#edf1f0	#98ccca	#65aaf8	#3995fa	#2781fb	#a4bfea	#8a8d92	#96a1b7	#1d63e7	#0b41ae	#ced1d8	#0d2470	#0e1c4b	#15162a	#797aa6	#6d6c7a	#423e55	#d69fa2
chikanobu2	40	#ce180d	#c7655d	#b41a10	#b63e2c	#803223	#3b221d	#e15824	#e47f4c	#c39572	#987052	#ecbf9a	#e4ac79	#644e3b	#ea8420	#ab7238	#eadecf	#baac99	#8b7f6d	#e4d2b4	#cf9835	#af9d65	#eeb81d	#ccc98a	#6c723a	#859b4d	#2e3129	#3c6823	#718d8f	#9fc4ca	#327fae	#4a555d	#0d2363	#1c264a	#44447e	#7c6297	#ae83b0	#efe9ed	#151113	#906b7c	#c6a7b0
macke2	40	#b35d5c	#df9a95	#7e312b	#cbb9b7	#b13626	#ac7360	#73402b	#e1b59a	#d1936c	#dc6d28	#9e572b	#f2902d	#c6833f	#ecb676	#ecddc8	#5c4a32	#f4dea2	#f7ca49	#7d6c34	#f6dc7b	#9f9035	#475532	#2d352a	#7a8587	#98a3b7	#3f4897	#535880	#263085	#6463af	#8379b6	#302955	#817990	#544e5a	#833252	#211b1d	#ac4361	#d47088	#855c60	#ad8687	#502627
monet1	40	#70403e	#85706e	#604841	#775b49	#645c57	#8f8c84	#78715f	#615a45	#736d4b	#a7a89e	#7e8254	#81886d	#5c6850	#5d754f	#62874e	#658d65	#739880	#5b7e67	#5f736b	#70928b	#535e64	#7d8e99	#5f7083	#a1a6ad	#b8bcc2	#9ba4ba	#7e829c	#666a8c	#555871	#54557f	#797981	#b1b0bf	#463b65	#9793a1	#564964	#4f4955	#6d6373	#4a354a	#674d57	#55383d
photo_joaquin_rosado	40	#5f2927	#82524e	#3d211e	#978581	#93695b	#634231	#9a7548	#aba8a3	#6b6559	#161513	#655429	#a6986b	#c4ac4c	#8f8973	#dac045	#b6a867	#aeaa91	#8c8446	#79744e	#c9c7b0	#5c6c2b	#3f4335	#33421b	#212a17	#4c6a52	#e9edec	#767e80	#4f5458	#99a1ac	#1f3281	#323234	#28233a	#5a506b	#857892	#846d97	#726870	#b8979e	#966d71	#634346	#be7d81
photo_sudeep1106	40	#b82008	#961704	#f42e09	#d72001	#721301	#510f00	#d83c13	#f96738	#f84d19	#b33910	#91330f	#fb8c57	#f86216	#b36743	#793510	#351200	#fc833a	#d25407	#fbb079	#f67814	#562602	#a24f03	#fca349	#f89017	#ce760a	#fbcb83	#6c4712	#fdc65f	#f9a818	#a26c02	#362b0d	#f9c322	#b68b01	#fdec90	#fbdc21	#fbea5c	#fefacd	#fcf423	#141301	#122a10
seurat3	40	#a97d70	#bda9a0	#78614f	#b3814c	#dbac74	#b69874	#dac09b	#786034	#e1c586	#caa24b	#8e8774	#948254	#b39e5d	#977f35	#b4ab8a	#cfbb48	#524e35	#cec46b	#a79c40	#b2b377	#707137	#d5d893	#8e9047	#d9dcaf	#90966a	#6d7150	#cdd1ba	#b5c199	#9ba695	#6a6f68	#bbc4c1	#899297	#6f748a	#9096b8	#aeb0bf	#7679ae	#5e4f76	#9f8b96	#52494e	#7e646f
homer2	40	#e6bfae	#cc9378	#8b5132	#b1744e	#664632	#4d3a2e	#2c2723	#ad9c8d	#937d68	#715d3e	#997d4c	#7f6a3f	#c7b467	#716944	#454025	#9b9039	#615d41	#575129	#9c9653	#888141	#655f2b	#898336	#343325	#a8a679	#eaeada	#75753f	#73732f	#4c4c37	#c0c1aa	#63683d	#60662c	#7e845b	#535836	#4e5729	#404a28	#6a735c	#545b49	#353e27	#83917a	#3e463b
photo_ssdginteriors	40	#9f280a	#81230a	#6a240b	#541d09	#401b08	#2f190c	#a35d2c	#6b3b17	#523014	#dfa166	#bb8350	#83582b	#775635	#997140	#5b4327	#cea46a	#b48c58	#65461a	#3c2a12	#1b1308	#9a8158	#e0be81	#bda577	#ccbd9e	#a29374	#807154	#7f673b	#66583d	#e1cb9c	#463e29	#4a3c15	#f9f3dd	#f6eac0	#8f8140	#63581a	#2b2819	#b8af64	#f2eea4	#8d882a	#d5d46a
photo_geomangio	40	#a25f56	#381914	#ca887a	#a75444	#7b4c42	#dca795	#ba725a	#8c351a	#5c2918	#5e4b44	#3a2f2b	#513122	#b89581	#c38866	#9a6b4f	#7c4526	#836958	#a05d30	#6d4b32	#b28043	#9a845f	#c6b280	#c8a957	#c6c1ad	#a8a586	#878878	#656656	#76795c	#4c503f	#85946d	#9ea496	#87a462	#688856	#5c754e	#4a5d3f	#e2e7e1	#2a422a	#c75974	#bd4954	#1c1314
photo_billyboysfotocolection	40	#827e7d	#967e74	#6f391d	#532e1c	#89441b	#3f2d23	#211c19	#999592	#a0551c	#9d612f	#684326	#7f5b39	#7f5024	#5e4936	#a69583	#ae6b27	#b27b3b	#9a7040	#b3aba0	#917754	#bba687	#dce0e1	#c2dce9	#a7cfe9	#8cc0e8	#406786	#76aee1	#617a90	#60a0de	#4f92d9	#32587f	#4285d4	#798ba1	#9cb1ce	#bbc3d0	#637798	#3d4e6c	#2d426d	#555d70	#68696e
macke4	40	#d27765	#eb5e30	#f38b36	#654933	#e0a86f	#e6a740	#d9d5bc	#f6da39	#ebdb61	#7e7635	#dbd69c	#dfdb84	#b5c131	#8daa3c	#638337	#79886b	#a5c890	#3c5d32	#283d2a	#1b201c	#a7c6cb	#51636f	#87a0b4	#577ca9	#4c5c8f	#223071	#1e2d8a	#2b2a4a	#23212c	#8a7999	#91678d	#6f325b	#ba5b7d	#3d1f29	#b9848e	#d85064	#6a272e	#9d3036	#f23132	#d73b3c
photo_webheathcloseup	40	#342218	#e66c21	#9a491a	#703817	#4e2b15	#c5641f	#e88118	#9c7440	#ed9e27	#b37c22	#56462d	#675c48	#6f5210	#513c0d	#1b1811	#3a2f13	#8b6e10	#898470	#d5b216	#ae951e	#e8dea0	#444235	#f3e676	#e6d21b	#bebca5	#6a6637	#f8f021	#bbb627	#eeeee4	#d8da3b	#8f9452	#282919	#49501a	#adc442	#66732d	#95af42	#7a8f32	#2b2c2e	#a4a0ae	#656064
photo_jinkazamah	40	#78261a	#9b2d14	#321b09	#cbae86	#c19335	#655325	#e4cf90	#e8c664	#9c8746	#786835	#bcaa6a	#473e1d	#191814	#e6e9be	#e4ea88	#dbe25e	#e9efa9	#cdda32	#b0b853	#acb92b	#bac279	#909c20	#7b8522	#626b1c	#b9bf93	#8d9653	#484f19	#939973	#71784c	#777a69	#585d3f	#ecf1db	#c8cdb6	#a1a596	#293119	#454841	#5e9a36	#7fb265	#3b662e	#ececee
homer3	40	#ab2b10	#7d2511	#5a1f0d	#36180e	#b44f19	#17120f	#b67245	#6f411d	#4e3419	#b09977	#9b7f57	#745d3d	#886837	#c5b496	#d4be8c	#70571e	#e1d4b2	#b9a369	#977e3c	#362f1c	#9c8223	#544820	#837c5f	#5c5743	#f7ecb6	#c6b446	#ae9f4e	#736b3c	#e8dd84	#938c58	#f3f1da	#ebde5e	#a4a480	#b8bfad	#969c8e	#707a6f	#c5d9d8	#42565d	#a1b5be	#678391
seurat2	40	#321613	#85605a	#4f2016	#c9b4af	#ab8377	#ae6a53	#714636	#7b3919	#d4a68c	#edcbb0	#906543	#f0e2d5	#a89889	#be8d62	#5e3814	#a46c31	#544a3e	#eac38c	#776f64	#412f17	#c59854	#8d7a5c	#6d5a3c	#79551b	#cbb794	#ab956e	#907643	#c4aa6d	#f5e3b5	#997c2c	#5c4a1c	#d6b95b	#f5e38f	#29291f	#3e3f43	#2c242f	#645b60	#161213	#938487	#56383a
chikanobu4	40	#b63f37	#bb5346	#854239	#9e4233	#ac5947	#4a2d25	#363231	#f86637	#c1755d	#865944	#cd9274	#a27c67	#e19e5a	#bea385	#928678	#85735f	#514c46	#e6b676	#a49077	#d0b185	#b18d5b	#f1d4a8	#6e675d	#635643	#92805c	#f8e3ac	#cec3a5	#eee9cb	#403e2f	#a9a685	#74745c	#25251d	#8e9279	#575b4d	#a1aa99	#757d70	#89968c	#687385	#3c3956	#241f23
seurat1	40	#7c4a43	#ab7d6d	#994d33	#43291c	#653a18	#8c663f	#69553d	#211c16	#bb9157	#c8ad7e	#918064	#bb8934	#87601f	#dbbe6e	#534518	#8d7e45	#c7ad3e	#898883	#97862c	#6c621b	#eadb5a	#eae6a6	#e7e382	#43433b	#dadcb7	#b4b952	#a3a65f	#c3cb7e	#7f8929	#b3b6a1	#b8bf8c	#60673d	#7a8646	#2f3519	#54661c	#8c976f	#3d4b18	#5b6655	#4b3945	#736064
monet4	40	#938584	#b2aaa7	#664131	#e8ded5	#d4c4b4	#5b5249	#907c64	#c1b092	#806933	#ac9863	#615e3d	#7e7b4e	#848134	#717165	#61642b	#8a9052	#969984	#939a70	#657a41	#6e7d60	#435c34	#313e2a	#4b6250	#7d8c87	#3d4f4f	#5a6f72	#5b86b0	#4d5f75	#8396b7	#a1afcc	#767e91	#3b414f	#969aa6	#636f97	#3d4667	#b8bbca	#25262b	#6c656d	#d1c8cd	#5a3c48
homer1	40	#762925	#92342a	#ac3e28	#824330	#a6553a	#4b352e	#c55f37	#8c6151	#653c2c	#bf6944	#c58364	#d07340	#a96845	#8d5a3d	#c3784a	#db915f	#d9854b	#9f826d	#9f714e	#e5bd9c	#695240	#dfa470	#e6a05b	#b5804f	#a98660	#c29a67	#8a7051	#f1cb8a	#ebb65b	#a99976	#a09d8e	#898571	#858f8f	#7290aa	#160b0f	#bea6ab	#261317	#36161b	#602224	#491c1d
photo_sukanto_debnath	40	#e51e19	#b91a14	#961d12	#e14e3a	#30110c	#6d1c0b	#4a160b	#dc6d52	#170f0c	#9e4115	#ba7146	#d2936a	#af5a21	#813f0f	#b4a69b	#734c2d	#5b3010	#e5b283	#d7975a	#bf7a39	#9c5d1a	#aa8858	#8a704d	#7c531d	#36240c	#f9e6c8	#957039	#503d15	#6a5c2f	#1f410e	#2f7b0e	#225c07	#3c9c17	#45c818	#1d3116	#0f201a	#0d4441	#ac2d7a	#66273a	#b46568
photo_dexxus	40	#4a403f	#ab5440	#a48b84	#f1662f	#3a261d	#7c6557	#ea9c47	#b58756	#5f4429	#cbb293	#e6b46d	#84693e	#f0de6e	#f0e8a7	#8b9559	#455429	#76846b	#4b594c	#223023	#cff3f1	#7bf2f8	#6dcff4	#55b4f6	#758a9d	#304153	#5495e9	#3683ef	#2364da	#516995	#335aa7	#8ea5d9	#293f6e	#0739bc	#1b307f	#181e36	#181e4e	#171719	#c0bfcd	#68656e	#623a52
photo_pinksherbet	40	#5cc8f9	#58bffa	#55b8fb	#f0f4f7	#50b0fc	#4ca6fc	#8abcfb	#5b9bfc	#6189fb	#c0cefd	#dfe4fa	#6771f7	#b7b7fd	#6e5efc	#aea1fb	#4a2bf5	#2c1184	#a88cfb	#784bfd	#9e6ffb	#9658f9	#bb81fc	#e9d2fc	#a846fb	#cf75fb	#eabefd	#c748f1	#eaa9fd	#e794fc	#de58f5	#f480fd	#c83fd3	#f567f7	#ef4ff1	#c13cb9	#ec54dd	#b63ba3	#8d0245	#8f0133	#9d031f
photo_powi	40	#421e08	#987a60	#663606	#92520a	#b97508	#dd9f0e	#845e0b	#af870e	#18150c	#eac213	#50440a	#fbec1f	#9d991e	#6d6910	#d2d294	#b8c456	#899446	#a5c21c	#5b6239	#85a119	#6d8517	#4f660e	#374a0a	#26300d	#edefea	#c1c4bd	#3c4236	#829079	#6c90a0	#74ace7	#6298d6	#b2c7e4	#467bc1	#98b7e5	#629bea	#4275ce	#d7dde9	#5e428f	#736588	#362a40
photo_katsrcool	40	#35140f	#542616	#1e110b	#74462e	#793d1b	#b49580	#9a5423	#3d2616	#9c653c	#f1ece8	#c37e47	#bb6a28	#e89a52	#ebab6b	#e18731	#53381a	#c38232	#754d1c	#e8a242	#9d6b26	#735730	#f3cb8e	#af8648	#f0bc66	#cd9d4b	#87672a	#ab8a29	#665817	#4d4214	#857623	#312c0f	#42501f	#579796	#a9c1db	#8cafd7	#6994c7	#467cba	#919ec1	#d1d1db	#705254
photo_krikit	40	#db2114	#1e1413	#4d2d18	#c77835	#6e4c1c	#86744c	#9a841e	#43402f	#69651b	#b3b554	#bbbd8b	#bdc21e	#a0a320	#7e8422	#8b9050	#585f33	#838d72	#60685d	#a8b2b3	#79868c	#dfeaf0	#7e9dbc	#566a83	#b5ccee	#88afea	#474e58	#6491e2	#5a7ab3	#4a76d9	#3d5da8	#435583	#3558cc	#132eb3	#8388b2	#27318a	#272a5f	#242134	#3b1218	#610b14	#930c12
photo_jinkazamah2	40	#e9877c	#eba196	#e57260	#201513	#43312d	#634c44	#301c15	#876c61	#583c2e	#45281a	#e2b095	#7e5539	#71523e	#623c25	#dec0a8	#ad7f5b	#a17f64	#88684f	#c4a890	#ad947e	#996d48	#f0c598	#bd9770	#eddbc7	#ebb577	#d4af85	#b78854	#cfa672	#ead2ae	#795926	#f0cd89	#f1daa6	#d7c08a	#bfb089	#f7f3e7	#f6edcc	#f7e486	#f5e9a1	#ad9d46	#f7f1bd
macke1	40	#ce4d38	#a24939	#834a41	#bca19a	#5d453b	#886b5d	#e78637	#8d8884	#916534	#6e5131	#cc9650	#f4a433	#dbc699	#6a6967	#f7bc30	#9f8c61	#e9c76d	#8d7630	#ccad41	#b3a25a	#5a553f	#eed242	#6c6231	#aeaa8f	#f1edb0	#f4ed3d	#eaeb74	#b4bf3d	#e0e5ce	#8fa445	#757c5d	#778643	#abc878	#87a46e	#98b8c7	#677695	#424268	#7a5a69	#967884	#4e4548
monet2	40	#b88985	#877a78	#56312a	#81594e	#a13f22	#814126	#c05923	#9d6c4f	#a55b27	#d0b9a7	#c86f27	#c28e5f	#d5842c	#b6762e	#996630	#cd8c33	#e09e34	#bd8d3e	#ebb63c	#918972	#846b92	#7a687d	#74436d	#a3839b	#5e2350	#7e506d	#3b152a	#906579	#702e4d	#4f3340	#731e36	#220f14	#c79da7	#84464f	#3f1319	#972a37	#5c141a	#a82228	#6b5354	#7a171b
photo_paulbica	40	#8d7f7f	#8c6663	#714b48	#1d1312	#2f1a15	#9a6658	#91503c	#6d3f32	#4c332c	#401e12	#b05d3b	#8b3f1b	#6c3318	#542916	#a54918	#b47957	#cb6c34	#c25616	#aa8b76	#dd6411	#ce874f	#dd7725	#f57e16	#e2903c	#f79621	#e1ac5e	#caaa77	#f1b948	#fcb51f	#fcdf21	#4c6488	#666f7e	#374671	#b8bbcc	#292a3f	#443f55	#645576	#7e6376	#59444d	#382d31
chikanobu1	40	#a3533d	#c97052	#b95532	#a76c52	#864e37	#bf896f	#959290	#827b76	#57514d	#c9a285	#312d2a	#a38763	#362c1f	#d0bb9b	#816d4f	#6a5f4e	#62523a	#6c6861	#483c28	#423c32	#90856f	#544c3d	#ac9f81	#a29a88	#7b7361	#e5e1d6	#d1c6a5	#c8c0aa	#c6b78e	#e2dbc3	#d4c79b	#bdb497	#b4b09e	#a4a49c	#4c544d	#3b413c	#3f3244	#554b56	#716770	#403a3d
photo_pagedooley	40	#fa9791	#e8a19d	#e2ada5	#fba896	#f9bda5	#d1c0b9	#feb48f	#f4d4bd	#fcca99	#fddcb1	#f5e8d5	#f0efed	#ffeea6	#253340	#1b252f	#567091	#21354d	#3b506b	#354253	#6d7e9a	#445c82	#8590a6	#4e5768	#36486e	#12161f	#37415c	#a9acb5	#2b3455	#1d233d	#171a2b	#2c2d3f	#7d7896	#947692	#a08e9e	#b48897	#7e3348	#d48895	#bda0a4	#f5868d	#cd999d
photo_epsos	40	#931f1f	#e86f64	#621f17	#3f1e19	#1d1918	#c0907a	#a1561f	#e2af80	#956942	#5e442d	#ddc2a7	#ece7e1	#d67709	#f5a802	#aca9a2	#b79442	#5d5950	#8d8266	#e9d528	#7b7c76	#5e9b22	#96dd5d	#395d1f	#74d337	#3a3c3b	#809198	#57666d	#7593b5	#313f6e	#dc3d97	#f264b0	#b4266e	#d58aab	#ce5e8e	#ed3d7e	#e8becc	#bf1f43	#8c4148	#f04345	#e72327
monet3	40	#512323	#b94d4b	#87504b	#bf796d	#d0a191	#9f7e6d	#ad6745	#d8bbab	#1c1714	#a79a91	#bc8b6a	#8d6947	#d3ad86	#bd8246	#5f4922	#e1cfa7	#c1963a	#a6894f	#6e6757	#a59772	#ebe4ca	#c1ac5b	#6d6733	#868e43	#e0e1dc	#b7beac	#58753d	#748467	#2a3a1d	#2a5a26	#2c6b50	#3f6a63	#8ea2a0	#244c56	#68838c	#b0bfc6	#457a9a	#7b9bb2	#353453	#665962
